<?xml version="1.0" encoding="utf-8"?>
<edmx:Edmx
    Version="1.0"
	xmlns:edmx="http://schemas.microsoft.com/ado/2007/06/edmx"
	xmlns:m="http://schemas.microsoft.com/ado/2007/08/dataservices/metadata"
	xmlns:sap="http://www.sap.com/Protocols/SAPData">
	<edmx:Reference
        Uri="https://wiki.scn.sap.com/wiki/download/attachments/448470974/Common.xml?api=v2"
		xmlns:edmx="http://docs.oasis-open.org/odata/ns/edmx">
		<edmx:Include Alias="Common" Namespace="com.sap.vocabularies.Common.v1"/>
	</edmx:Reference>
	<edmx:Reference
        Uri="https://oasis-tcs.github.io/odata-vocabularies/vocabularies/Org.OData.Capabilities.V1.xml"
        xmlns:edmx="http://docs.oasis-open.org/odata/ns/edmx">
		<edmx:Include Alias="Capabilities" Namespace="Org.OData.Capabilities.V1"/>
	</edmx:Reference>
	<edmx:Reference
        Uri="https://wiki.scn.sap.com/wiki/download/attachments/448470968/UI.xml?api=v2"
		xmlns:edmx="http://docs.oasis-open.org/odata/ns/edmx">
		<edmx:Include
            Alias="UI"
            Namespace="com.sap.vocabularies.UI.v1"/>
	</edmx:Reference>
	<edmx:DataServices
        m:DataServiceVersion="2.0">
		<Schema
            Namespace="com.sap.gtt.app.mpe"
			xmlns="http://schemas.microsoft.com/ado/2008/09/edm">
            <Annotations Target="com.sap.gtt.app.mpe.MessageLogs/lastChangedAt"
				xmlns="http://docs.oasis-open.org/odata/ns/edm">
				<Annotation Term="Common.Label" String="{i18n>messageLog.lastChangedAt}"/>
			</Annotations>
			<Annotations
                Target="com.sap.gtt.app.mpe.MessageLogs"
				xmlns="http://docs.oasis-open.org/odata/ns/edm">
                <Annotation
                    Term="UI.LineItem">
                    <Collection>
                        <Record Type="UI.DataField">
                            <PropertyValue Property="Label" String="{i18n>messageLog.requestId}" />
                            <PropertyValue Property="Value" Path="requestId" />
                        </Record>
                        <Record Type="UI.DataField">
                            <PropertyValue Property="Label" String="{i18n>messageLog.trackingId}" />
                            <PropertyValue Property="Value" Path="trackingIds" />
                        </Record>
                        <Record Type="UI.DataField">
                            <PropertyValue Property="Label" String="{i18n>messageLog.messageNo}" />
                            <PropertyValue Property="Value" Path="messageNo" />
                        </Record>
                        <Record Type="UI.DataField">
                            <PropertyValue Property="Label" String="{i18n>messageLog.sourceId}" />
                            <PropertyValue Property="Value" Path="sourceId" />
                        </Record>
                        <Record Type="UI.DataField">
                            <PropertyValue Property="Label" String="{i18n>messageLog.source}" />
                            <PropertyValue Property="Value" Path="source" />
                        </Record>
                        <Record Type="UI.DataField">
                            <PropertyValue Property="Label" String="{i18n>messageLog.receivedAt}" />
                            <PropertyValue Property="Value" Path="receivedAt" />
                        </Record>
                        <!-- <Record Type="UI.DataField">
                            <PropertyValue Property="Label" String="{i18n>messageLog.lastChangedAt}" />
                            <PropertyValue Property="Value" Path="lastChangedAt" />
                        </Record> -->
                        <Record Type="UI.DataField">
                            <PropertyValue Property="Label" String="{i18n>messageLog.eventType}" />
                            <PropertyValue Property="Value" Path="eventTypes" />   
                        </Record>
                        <Record Type="UI.DataField">
                            <PropertyValue Property="Label" String="{i18n>messageLog.errorMessage}" />
                            <PropertyValue Property="Value" Path="messages" />
                        </Record>
                        <Record Type="UI.DataField">
                            <PropertyValue Property="Label" String="{i18n>messageLog.status}" />
                            <PropertyValue Property="Value" Path="status" />
                        </Record>
                    </Collection>
                </Annotation>
            </Annotations>
            <Annotations
                Target="com.sap.gtt.app.mpe.DefaultContainer/MessageLogs"
                xmlns="http://docs.oasis-open.org/odata/ns/edm">
				<Annotation Term="Capabilities.FilterRestrictions">
					<Record>
                        <PropertyValue Property="NonFilterableProperties">
                            <Collection>
                                <PropertyPath>cloneInstanceId</PropertyPath>
                                <PropertyPath>requestId</PropertyPath>
                            </Collection>
                        </PropertyValue>
					</Record>
				</Annotation>
			</Annotations>
		</Schema>
	</edmx:DataServices>
</edmx:Edmx>