{
  "comment": "More information: https://jam4.sapjam.com/wiki/show/UFKzGv6i81yui7orPvmwtQ",
  "collections": [
    {
      "collectionName": "GTT_V2_Manage_Models_UI",
      "folders": [
        {
          "startingFolderPath": "/ui/webapp/i18n/",
          "sourceFilters": [
            "i18n.properties"
          ],
          "excludedSourceFilters": []
        }
      ]
    }
  ],
  "defaultConfiguration": {
    "xlfFolderPath": "/XLF/[FullPath]",
    "targetFolderPath": ".",
    "pseudoLocFolderPath": ".",
    "oneQFolderPath": ".",
    "targetFileNamingConvention": "[filename]_[langCode].[extension]"
  }
}
