{
    "welcomeFile": "/index.html",
    "authenticationMethod": "route",
    "sessionTimeout": 10,
    "logout": {
        "logoutEndpoint": "/do/logout"
    },
    "routes": [
        {
            "source": "^/data/(.*)$",
            "target": "$1",
            "destination": "lbn-gtt-mml-api"
        },
        {
            "source": "^(.*)$",
            "localDir": "../webapp"
        } 
    ],
    "errorPage": [
        {"status": [400,401,402], "file": "40x.html"}
    ]
}