{
    "welcomeFile": "/index.html",
    "authenticationMethod": "route",
    "sessionTimeout": 30,
    "logout": {
        "logoutEndpoint": "/do/logout"
    },
    "routes": [
        {
            "source": "^/data/(.*)$",
            "target": "$1",
            "destination": "lbn-gtt-mml-api",
            "scope": [
                "$XSAPPNAME.event.r"
              ]
        },
        {
            "source": "^(.*)$",
            "target": "$1",
            "service": "html5-apps-repo-rt",
            "authenticationType": "xsuaa"
        }
    ]
}
