{
    "comment": "Translation config file of GTT V2 MML",
    "collections": [
      {
        "collectionName": "GTT_V2_Manage_Message_logs_UI",
        "folders": [
          {
            "startingFolderPath": "/ui/webapp/i18n/",
            "sourceFilters": [
              "i18n.properties"
            ],
            "excludedSourceFilters": []
          }
        ]
      }
    ],
    "defaultConfiguration": {
      "xlfFolderPath": "/XLF/[FullPath]",
      "targetFolderPath": ".",
      "pseudoLocFolderPath": ".",
      "oneQFolderPath": ".",
      "targetFileNamingConvention": "[filename]_[langCode].[extension]"
    }
  }