{
  "value": [
    {
      "id": "3fa85f64-5717-4562-b3fc-2c963f66afa6",
      "action": "DEPLOY",
      "messageType": "WARNING",
      "message": "You cannot decrease Planned/Planned Event Match: xxxxx.",
      "changedAt": "2019-12-30T00:00:00.000Z"
    },
    {
      "id": "3fa85f64-5717-4562-b3fc-2c963f66afa6",
      "action": "DEPLOY",
      "messageType": "INFO",
      "message": "The model is started to deployment.",
      "changedAt": "2019-12-29T00:00:00.000Z"
    },
    {
      "id": "3fa85f64-5717-4562-b3fc-2c963f66afa7",
      "action": "DEPLOY",
      "messageType": "VALIDATION_ERROR",
      "message": "You cannot change tracking ID type of tracked process: xxx.xxx.xxx.Shipment.Shipment as it contains runtime data.",
      "changedAt": "2019-12-28T00:00:10.000Z"
    },
    {
      "id": "3fa85f64-5717-4562-b3fc-2c963f66afa8",
      "action": "DEPLOY",
      "messageType": "TECHNICAL_ERROR",
      "message": "Call Retention Service failed.",
      "changedAt": "2019-12-27T00:00:20.000Z"
    },
    {
      "id": "3fa85f64-5717-4562-b3fc-2c963f66afa9",
      "action": "DEPLOY",
      "messageType": "SUCCESS",
      "message": "The model is deployed successfully.",
      "changedAt": "2019-12-26T00:00:30.000Z"
    },
    {
      "id": "3fa85f64-5717-4562-b3fc-2c963f66afb1",
      "action": "DELETE",
      "messageType": "INFO",
      "message": "The Model is started to delete.",
      "changedAt": "2019-12-27T00:00:30.000Z"
    },
    {
      "id": "3fa85f64-5717-4562-b3fc-2c963f66afb2",
      "action": "DELETE",
      "messageType": "TECHNICAL_ERROR",
      "message": "Call Retention Service failed.",
      "changedAt": "2019-12-27T00:01:30.000Z"
    }
  ]
}
