{
  "name": "cgtest5",
  "namespace": "com.sap.gtt.app.cgtest5",
  "version": "1.0.0",
  "descr": "idoc test",
  "draftStatus": "DEPLOYED",
  "status": "ACTIVE",
  "modifiedAt": "2020-04-03T08:42:47.378Z",
  "coreModel": {
    "version": "2.0.0",
    "processTypes": [
      {
        "name": "TrackedProcess",
        "elements": [
          {
            "name": "id",
            "label": "Id",
            "type": "uuid",
            "context": "CoreModel",
            "key": true,
            "required": true,
            "localized": false,
            "readable": true,
            "writable": false
          },
          {
            "name": "subaccountId",
            "label": "SubaccountId",
            "type": "uuid",
            "context": "CoreModel",
            "key": false,
            "required": false,
            "localized": false,
            "readable": false,
            "writable": false
          },
          {
            "name": "cloneInstanceId",
            "label": "CloneInstanceId",
            "type": "uuid",
            "context": "CoreModel",
            "key": false,
            "required": false,
            "localized": false,
            "readable": false,
            "writable": false
          },
          {
            "name": "trackedProcessType",
            "label": "TrackedProcessType",
            "type": "string",
            "context": "CoreModel",
            "key": false,
            "required": false,
            "localized": false,
            "readable": true,
            "writable": false,
            "length": 255
          },
          {
            "name": "altKey",
            "label": "AltKey",
            "type": "string",
            "context": "CoreModel",
            "key": false,
            "required": true,
            "localized": false,
            "readable": true,
            "writable": true,
            "length": 255
          },
          {
            "name": "scheme",
            "label": "Scheme",
            "type": "string",
            "context": "CoreModel",
            "key": false,
            "required": false,
            "localized": false,
            "readable": true,
            "writable": false,
            "length": 255
          },
          {
            "name": "partyId",
            "label": "PartyId",
            "type": "string",
            "context": "CoreModel",
            "key": false,
            "required": false,
            "localized": false,
            "readable": true,
            "writable": false,
            "length": 50
          },
          {
            "name": "logicalSystem",
            "label": "LogicalSystem",
            "type": "string",
            "context": "CoreModel",
            "key": false,
            "required": false,
            "localized": false,
            "readable": true,
            "writable": false,
            "length": 10
          },
          {
            "name": "trackingIdType",
            "label": "TrackingIdType",
            "type": "string",
            "context": "CoreModel",
            "key": false,
            "required": false,
            "localized": false,
            "readable": true,
            "writable": false,
            "length": 40
          },
          {
            "name": "trackingId",
            "label": "TrackingId",
            "type": "string",
            "context": "CoreModel",
            "key": false,
            "required": false,
            "localized": false,
            "readable": true,
            "writable": false,
            "length": 50
          },
          {
            "name": "processStatus",
            "label": "ProcessStatus",
            "type": "codelist",
            "context": "CoreModel",
            "key": false,
            "required": false,
            "localized": false,
            "readable": true,
            "writable": false,
            "length": 50,
            "target": "ProcessStatus",
            "default": "asPlanned"
          },
          {
            "name": "trackingIds",
            "label": "TrackingIds",
            "type": "composition",
            "context": "CoreModel",
            "key": false,
            "required": false,
            "localized": false,
            "readable": true,
            "writable": false,
            "target": "QualifiedTrackingId",
            "cardinality": {
              "max": "*"
            }
          },
          {
            "name": "plannedEvents",
            "label": "PlannedEvents",
            "type": "composition",
            "context": "CoreModel",
            "key": false,
            "required": false,
            "localized": false,
            "readable": true,
            "writable": true,
            "target": "PlannedEvent",
            "cardinality": {
              "max": "*"
            }
          },
          {
            "name": "processEvents",
            "label": "ProcessEvents",
            "type": "composition",
            "context": "CoreModel",
            "key": false,
            "required": false,
            "localized": false,
            "readable": true,
            "writable": false,
            "target": "ProcessEventDirectory",
            "cardinality": {
              "max": "*"
            }
          },
          {
            "name": "lifeCycleStatus",
            "label": "LifeCycleStatus",
            "type": "codelist",
            "context": "CoreModel",
            "key": false,
            "required": false,
            "localized": false,
            "readable": true,
            "writable": false,
            "length": 50,
            "target": "LifeCycleStatus",
            "default": "businessActive"
          },
          {
            "name": "createdByUser",
            "label": "CreatedByUser",
            "type": "string",
            "context": "CoreModel",
            "key": false,
            "required": false,
            "localized": false,
            "readable": true,
            "writable": false,
            "length": 64
          },
          {
            "name": "creationDateTime",
            "label": "CreationDateTime",
            "type": "timestamp",
            "context": "CoreModel",
            "key": false,
            "required": false,
            "localized": false,
            "readable": true,
            "writable": false
          },
          {
            "name": "lastChangedByUser",
            "label": "LastChangedByUser",
            "type": "string",
            "context": "CoreModel",
            "key": false,
            "required": false,
            "localized": false,
            "readable": true,
            "writable": false,
            "length": 64
          },
          {
            "name": "lastChangeDateTime",
            "label": "LastChangeDateTime",
            "type": "timestamp",
            "context": "CoreModel",
            "key": false,
            "required": false,
            "localized": false,
            "readable": true,
            "writable": false
          },
          {
            "name": "lastChangedAtBusinessTime",
            "label": "LastChangedAtBusinessTime",
            "type": "timestamp",
            "context": "CoreModel",
            "key": false,
            "required": false,
            "localized": false,
            "readable": true,
            "writable": false
          },
          {
            "name": "version",
            "label": "Version",
            "type": "integer",
            "context": "CoreModel",
            "key": false,
            "required": false,
            "localized": false,
            "readable": true,
            "writable": false
          }
        ]
      }
    ],
    "itemTypes": [
      {
        "name": "QualifiedTrackingId",
        "elements": [
          {
            "name": "process_id",
            "label": "Process_id",
            "type": "uuid",
            "context": "CoreModel",
            "key": true,
            "required": true,
            "localized": false,
            "readable": true,
            "writable": false
          },
          {
            "name": "process",
            "label": "Process",
            "type": "association",
            "context": "CoreModel",
            "key": false,
            "required": false,
            "localized": false,
            "readable": true,
            "writable": false,
            "target": "TrackedProcess",
            "cardinality": {
              "max": 1
            }
          },
          {
            "name": "observedProcess",
            "label": "ObservedProcess",
            "type": "association",
            "context": "CoreModel",
            "key": true,
            "required": true,
            "localized": false,
            "readable": true,
            "writable": false,
            "target": "TrackedProcess",
            "cardinality": {
              "max": 1
            }
          },
          {
            "name": "validFrom",
            "label": "ValidFrom",
            "type": "timestamp",
            "context": "CoreModel",
            "key": false,
            "required": false,
            "localized": false,
            "readable": true,
            "writable": false
          },
          {
            "name": "validTo",
            "label": "ValidTo",
            "type": "timestamp",
            "context": "CoreModel",
            "key": false,
            "required": false,
            "localized": false,
            "readable": true,
            "writable": false
          }
        ]
      },
      {
        "name": "PlannedEvent",
        "elements": [
          {
            "name": "id",
            "label": "Id",
            "type": "uuid",
            "context": "CoreModel",
            "key": true,
            "required": true,
            "localized": false,
            "readable": true,
            "writable": false
          },
          {
            "name": "process_id",
            "label": "Process_id",
            "type": "uuid",
            "context": "CoreModel",
            "key": false,
            "required": false,
            "localized": false,
            "readable": true,
            "writable": false
          },
          {
            "name": "process",
            "label": "Process",
            "type": "association",
            "context": "CoreModel",
            "key": false,
            "required": false,
            "localized": false,
            "readable": true,
            "writable": false,
            "target": "TrackedProcess",
            "cardinality": {
              "max": 1
            }
          },
          {
            "name": "eventType",
            "label": "EventType",
            "type": "string",
            "context": "CoreModel",
            "key": true,
            "required": true,
            "localized": false,
            "readable": true,
            "writable": true,
            "length": 255
          },
          {
            "name": "locationAltKey",
            "label": "Location AltKey",
            "type": "string",
            "context": "CoreModel",
            "key": true,
            "required": true,
            "localized": false,
            "readable": true,
            "writable": true,
            "length": 255
          },
          {
            "name": "eventMatchKey",
            "label": "EventMatchKey",
            "type": "string",
            "context": "CoreModel",
            "key": true,
            "required": true,
            "localized": false,
            "readable": true,
            "writable": true,
            "length": 255
          },
          {
            "name": "longitude",
            "label": "Longitude",
            "type": "decimal",
            "context": "CoreModel",
            "key": false,
            "required": false,
            "localized": false,
            "readable": true,
            "writable": true,
            "precision": 12,
            "scale": 9,
            "minimum": -180,
            "maximum": 180
          },
          {
            "name": "latitude",
            "label": "Latitude",
            "type": "decimal",
            "context": "CoreModel",
            "key": false,
            "required": false,
            "localized": false,
            "readable": true,
            "writable": true,
            "precision": 12,
            "scale": 9,
            "minimum": -90,
            "maximum": 90
          },
          {
            "name": "eventStatus",
            "label": "EventStatus",
            "type": "codelist",
            "context": "CoreModel",
            "key": false,
            "required": false,
            "localized": false,
            "readable": true,
            "writable": false,
            "length": 50,
            "target": "EventStatus",
            "default": "planned"
          },
          {
            "name": "payloadSequence",
            "label": "PayloadSequence",
            "type": "integer",
            "context": "CoreModel",
            "key": false,
            "required": false,
            "localized": false,
            "readable": true,
            "writable": true
          },
          {
            "name": "isFinalPlannedEvent",
            "label": "IsFinalPlannedEvent",
            "type": "boolean",
            "context": "CoreModel",
            "key": false,
            "required": false,
            "localized": false,
            "readable": true,
            "writable": true
          },
          {
            "name": "lastProcessEventDirectory",
            "label": "LastProcessEventDirectory",
            "type": "association",
            "context": "CoreModel",
            "key": false,
            "required": false,
            "localized": false,
            "readable": true,
            "writable": true,
            "target": "ProcessEventDirectory",
            "cardinality": {
              "max": 1
            }
          },
          {
            "name": "nextOverdueDetection",
            "label": "NextOverdueDetection",
            "type": "timestamp",
            "context": "CoreModel",
            "key": false,
            "required": false,
            "localized": false,
            "readable": true,
            "writable": false
          },
          {
            "name": "overdueDetectionCounter",
            "label": "OverdueDetectionCounter",
            "type": "integer",
            "context": "CoreModel",
            "key": false,
            "required": false,
            "localized": false,
            "readable": true,
            "writable": false
          },
          {
            "name": "plannedTechnicalTimestamp",
            "label": "PlannedTechnicalTimestamp",
            "type": "timestamp",
            "context": "CoreModel",
            "key": false,
            "required": false,
            "localized": false,
            "readable": true,
            "writable": true
          },
          {
            "name": "plannedTechTsEarliest",
            "label": "PlannedTechTsEarliest",
            "type": "timestamp",
            "context": "CoreModel",
            "key": false,
            "required": false,
            "localized": false,
            "readable": true,
            "writable": true
          },
          {
            "name": "plannedTechTsLatest",
            "label": "PlannedTechTsLatest",
            "type": "timestamp",
            "context": "CoreModel",
            "key": false,
            "required": false,
            "localized": false,
            "readable": true,
            "writable": true
          },
          {
            "name": "plannedBusinessTimestamp",
            "label": "PlannedBusinessTimestamp",
            "type": "timestamp",
            "context": "CoreModel",
            "key": false,
            "required": false,
            "localized": false,
            "readable": true,
            "writable": true
          },
          {
            "name": "plannedBizTsEarliest",
            "label": "PlannedBizTsEarliest",
            "type": "timestamp",
            "context": "CoreModel",
            "key": false,
            "required": false,
            "localized": false,
            "readable": true,
            "writable": true
          },
          {
            "name": "plannedBizTsLatest",
            "label": "PlannedBizTsLatest",
            "type": "timestamp",
            "context": "CoreModel",
            "key": false,
            "required": false,
            "localized": false,
            "readable": true,
            "writable": true
          },
          {
            "name": "plannedBusinessTimeZone",
            "label": "PlannedBusinessTimeZone",
            "type": "string",
            "context": "CoreModel",
            "key": false,
            "required": false,
            "localized": false,
            "readable": true,
            "writable": true,
            "length": 50
          }
        ]
      },
      {
        "name": "ProcessEventDirectory",
        "elements": [
          {
            "name": "id",
            "label": "Id",
            "type": "uuid",
            "context": "CoreModel",
            "key": true,
            "required": true,
            "localized": false,
            "readable": true,
            "writable": false
          },
          {
            "name": "process_id",
            "label": "Process_id",
            "type": "uuid",
            "context": "CoreModel",
            "key": false,
            "required": false,
            "localized": false,
            "readable": true,
            "writable": false
          },
          {
            "name": "process",
            "label": "Process",
            "type": "association",
            "context": "CoreModel",
            "key": false,
            "required": false,
            "localized": false,
            "readable": true,
            "writable": false,
            "target": "TrackedProcess",
            "cardinality": {
              "max": 1
            }
          },
          {
            "name": "plannedEvent_id",
            "label": "PlannedEvent_id",
            "type": "uuid",
            "context": "CoreModel",
            "key": false,
            "required": false,
            "localized": false,
            "readable": true,
            "writable": false
          },
          {
            "name": "plannedEvent",
            "label": "PlannedEvent",
            "type": "association",
            "context": "CoreModel",
            "key": false,
            "required": false,
            "localized": false,
            "readable": true,
            "writable": false,
            "target": "PlannedEvent",
            "cardinality": {
              "max": 1
            }
          },
          {
            "name": "event_id",
            "label": "Event_id",
            "type": "uuid",
            "context": "CoreModel",
            "key": false,
            "required": false,
            "localized": false,
            "readable": true,
            "writable": false
          },
          {
            "name": "event",
            "label": "Event",
            "type": "association",
            "context": "CoreModel",
            "key": false,
            "required": false,
            "localized": false,
            "readable": true,
            "writable": false,
            "target": "Event",
            "cardinality": {
              "max": 1
            }
          },
          {
            "name": "correlationType",
            "label": "CorrelationType",
            "type": "codelist",
            "context": "CoreModel",
            "key": false,
            "required": false,
            "localized": false,
            "readable": true,
            "writable": false,
            "length": 50,
            "target": "CorrelationType"
          }
        ]
      },
      {
        "name": "Reference",
        "elements": [
          {
            "name": "id",
            "label": "Id",
            "type": "uuid",
            "context": "CoreModel",
            "key": true,
            "required": true,
            "localized": false,
            "readable": true,
            "writable": false
          },
          {
            "name": "event_id",
            "label": "Event_id",
            "type": "uuid",
            "context": "CoreModel",
            "key": false,
            "required": false,
            "localized": false,
            "readable": true,
            "writable": false
          },
          {
            "name": "event",
            "label": "Event",
            "type": "association",
            "context": "CoreModel",
            "key": false,
            "required": false,
            "localized": false,
            "readable": true,
            "writable": false,
            "target": "Event",
            "cardinality": {
              "max": 1
            }
          },
          {
            "name": "referenceType",
            "label": "ReferenceType",
            "type": "codelist",
            "context": "CoreModel",
            "key": false,
            "required": true,
            "localized": false,
            "readable": true,
            "writable": true,
            "length": 50,
            "target": "ReferenceType"
          },
          {
            "name": "altKey",
            "label": "AltKey",
            "type": "string",
            "context": "CoreModel",
            "key": false,
            "required": true,
            "localized": false,
            "readable": true,
            "writable": true,
            "length": 255
          },
          {
            "name": "validFrom",
            "label": "ValidFrom",
            "type": "timestamp",
            "context": "CoreModel",
            "key": false,
            "required": false,
            "localized": false,
            "readable": true,
            "writable": true
          },
          {
            "name": "validTo",
            "label": "ValidTo",
            "type": "timestamp",
            "context": "CoreModel",
            "key": false,
            "required": false,
            "localized": false,
            "readable": true,
            "writable": true
          },
          {
            "name": "action",
            "label": "Action",
            "type": "codelist",
            "context": "CoreModel",
            "key": false,
            "required": true,
            "localized": false,
            "readable": true,
            "writable": true,
            "length": 50,
            "target": "Action"
          }
        ]
      }
    ],
    "eventTypes": [
      {
        "name": "Event",
        "elements": [
          {
            "name": "id",
            "label": "Id",
            "type": "uuid",
            "context": "CoreModel",
            "key": true,
            "required": true,
            "localized": false,
            "readable": true,
            "writable": false
          },
          {
            "name": "subaccountId",
            "label": "SubaccountId",
            "type": "uuid",
            "context": "CoreModel",
            "key": false,
            "required": false,
            "localized": false,
            "readable": false,
            "writable": false
          },
          {
            "name": "cloneInstanceId",
            "label": "CloneInstanceId",
            "type": "uuid",
            "context": "CoreModel",
            "key": false,
            "required": false,
            "localized": false,
            "readable": false,
            "writable": false
          },
          {
            "name": "modelNamespace",
            "label": "ModelNamespace",
            "type": "string",
            "context": "CoreModel",
            "key": false,
            "required": false,
            "localized": false,
            "readable": true,
            "writable": false,
            "length": 255
          },
          {
            "name": "eventType",
            "label": "EventType",
            "type": "string",
            "context": "CoreModel",
            "key": false,
            "required": false,
            "localized": false,
            "readable": true,
            "writable": false,
            "length": 255
          },
          {
            "name": "eventReasonText",
            "label": "EventReasonText",
            "type": "string",
            "context": "CoreModel",
            "key": false,
            "required": false,
            "localized": false,
            "readable": true,
            "writable": true,
            "length": 255
          },
          {
            "name": "eventReasonCode",
            "label": "EventReasonCode",
            "type": "string",
            "context": "CoreModel",
            "key": false,
            "required": false,
            "localized": false,
            "readable": true,
            "writable": true,
            "length": 255
          },
          {
            "name": "senderPartyId",
            "label": "SenderPartyId",
            "type": "string",
            "context": "CoreModel",
            "key": false,
            "required": false,
            "localized": false,
            "readable": true,
            "writable": false,
            "length": 50
          },
          {
            "name": "altKey",
            "label": "AltKey",
            "type": "string",
            "context": "CoreModel",
            "key": false,
            "required": true,
            "localized": false,
            "readable": true,
            "writable": true,
            "length": 255
          },
          {
            "name": "scheme",
            "label": "Scheme",
            "type": "string",
            "context": "CoreModel",
            "key": false,
            "required": false,
            "localized": false,
            "readable": true,
            "writable": false,
            "length": 255
          },
          {
            "name": "partyId",
            "label": "PartyId",
            "type": "string",
            "context": "CoreModel",
            "key": false,
            "required": false,
            "localized": false,
            "readable": true,
            "writable": false,
            "length": 50
          },
          {
            "name": "logicalSystem",
            "label": "LogicalSystem",
            "type": "string",
            "context": "CoreModel",
            "key": false,
            "required": false,
            "localized": false,
            "readable": true,
            "writable": false,
            "length": 10
          },
          {
            "name": "trackingIdType",
            "label": "TrackingIdType",
            "type": "string",
            "context": "CoreModel",
            "key": false,
            "required": false,
            "localized": false,
            "readable": true,
            "writable": false,
            "length": 40
          },
          {
            "name": "trackingId",
            "label": "TrackingId",
            "type": "string",
            "context": "CoreModel",
            "key": false,
            "required": false,
            "localized": false,
            "readable": true,
            "writable": false,
            "length": 50
          },
          {
            "name": "actualTechnicalTimestamp",
            "label": "ActualTechnicalTimestamp",
            "type": "timestamp",
            "context": "CoreModel",
            "key": false,
            "required": false,
            "localized": false,
            "readable": true,
            "writable": true
          },
          {
            "name": "actualBusinessTimestamp",
            "label": "ActualBusinessTimestamp",
            "type": "timestamp",
            "context": "CoreModel",
            "key": false,
            "required": true,
            "localized": false,
            "readable": true,
            "writable": true
          },
          {
            "name": "actualBusinessTimeZone",
            "label": "ActualBusinessTimeZone",
            "type": "string",
            "context": "CoreModel",
            "key": false,
            "required": false,
            "localized": false,
            "readable": true,
            "writable": true,
            "length": 50
          },
          {
            "name": "locationAltKey",
            "label": "LocationAltKey",
            "type": "string",
            "context": "CoreModel",
            "key": false,
            "required": false,
            "localized": false,
            "readable": true,
            "writable": true,
            "length": 255
          },
          {
            "name": "eventMatchKey",
            "label": "EventMatchKey",
            "type": "string",
            "context": "CoreModel",
            "key": false,
            "required": false,
            "localized": false,
            "readable": true,
            "writable": true,
            "length": 255
          },
          {
            "name": "longitude",
            "label": "Longitude",
            "type": "decimal",
            "context": "CoreModel",
            "key": false,
            "required": false,
            "localized": false,
            "readable": true,
            "writable": true,
            "precision": 12,
            "scale": 9,
            "minimum": -180,
            "maximum": 180
          },
          {
            "name": "latitude",
            "label": "Latitude",
            "type": "decimal",
            "context": "CoreModel",
            "key": false,
            "required": false,
            "localized": false,
            "readable": true,
            "writable": true,
            "precision": 12,
            "scale": 9,
            "minimum": -90,
            "maximum": 90
          },
          {
            "name": "references",
            "label": "References",
            "type": "composition",
            "context": "CoreModel",
            "key": false,
            "required": false,
            "localized": false,
            "readable": true,
            "writable": true,
            "target": "Reference",
            "cardinality": {
              "max": "*"
            }
          },
          {
            "name": "eventProcesses",
            "label": "EventProcesses",
            "type": "association",
            "context": "CoreModel",
            "key": false,
            "required": false,
            "localized": false,
            "readable": true,
            "writable": false,
            "target": "ProcessEventDirectory",
            "cardinality": {
              "max": "*"
            }
          },
          {
            "name": "messageSourceType",
            "label": "MessageSourceType",
            "type": "string",
            "context": "CoreModel",
            "key": false,
            "required": false,
            "localized": false,
            "readable": true,
            "writable": false,
            "length": 50
          },
          {
            "name": "reportedBy",
            "label": "Reported By",
            "type": "string",
            "context": "CoreModel",
            "key": false,
            "required": false,
            "localized": false,
            "readable": true,
            "writable": true,
            "length": 255
          },
          {
            "name": "createdByUser",
            "label": "CreatedByUser",
            "type": "string",
            "context": "CoreModel",
            "key": false,
            "required": false,
            "localized": false,
            "readable": true,
            "writable": false,
            "length": 64
          },
          {
            "name": "creationDateTime",
            "label": "CreationDateTime",
            "type": "timestamp",
            "context": "CoreModel",
            "key": false,
            "required": false,
            "localized": false,
            "readable": true,
            "writable": false
          }
        ]
      },
      {
        "name": "GTTDelayedEvent",
        "parent": {
          "target": "CoreModel.Event"
        },
        "elements": [
          {
            "name": "refPlannedEventType",
            "label": "RefPlannedEventType",
            "type": "string",
            "context": "CoreModel",
            "key": false,
            "required": false,
            "localized": false,
            "readable": true,
            "writable": true,
            "length": 255
          },
          {
            "name": "refPlannedEventMatchKey",
            "label": "RefPlannedEventMatchKey",
            "type": "string",
            "context": "CoreModel",
            "key": false,
            "required": false,
            "localized": false,
            "readable": true,
            "writable": true,
            "length": 255
          },
          {
            "name": "refPlannedEventLocationAltKey",
            "label": "RefPlannedEventLocationAltKey",
            "type": "string",
            "context": "CoreModel",
            "key": false,
            "required": false,
            "localized": false,
            "readable": true,
            "writable": true,
            "length": 255
          }
        ]
      },
      {
        "name": "GTTResetPlannedEventStatusEvent",
        "parent": {
          "target": "CoreModel.Event"
        },
        "elements": [
          {
            "name": "refPlannedEventType",
            "label": "RefPlannedEventType",
            "type": "string",
            "context": "CoreModel",
            "key": false,
            "required": false,
            "localized": false,
            "readable": true,
            "writable": true,
            "length": 255
          },
          {
            "name": "refPlannedEventMatchKey",
            "label": "RefPlannedEventMatchKey",
            "type": "string",
            "context": "CoreModel",
            "key": false,
            "required": false,
            "localized": false,
            "readable": true,
            "writable": true,
            "length": 255
          },
          {
            "name": "refPlannedEventLocationAltKey",
            "label": "RefPlannedEventLocationAltKey",
            "type": "string",
            "context": "CoreModel",
            "key": false,
            "required": false,
            "localized": false,
            "readable": true,
            "writable": true,
            "length": 255
          }
        ]
      },
      {
        "name": "GTTDeletionEvent",
        "parent": {
          "target": "CoreModel.Event"
        },
        "elements": []
      },
      {
        "name": "GTTDPPBlockingEvent",
        "parent": {
          "target": "CoreModel.Event"
        },
        "elements": []
      },
      {
        "name": "GTTDPPDeletionEvent",
        "parent": {
          "target": "CoreModel.Event"
        },
        "elements": []
      }
    ],
    "codeLists": [
      {
        "name": "ProcessStatus",
        "elements": [
          {
            "name": "code",
            "label": "Code",
            "type": "string",
            "length": 2,
            "key": true,
            "required": true,
            "readable": true,
            "writable": true
          },
          {
            "name": "name",
            "label": "Name",
            "type": "string",
            "localized": true,
            "key": false,
            "required": true,
            "readable": true,
            "writable": true
          }
        ],
        "values": [
          {
            "value": "asPlanned",
            "name": "AS_PLANNED"
          },
          {
            "value": "early",
            "name": "EARLY"
          },
          {
            "value": "late",
            "name": "LATE"
          },
          {
            "value": "overdue",
            "name": "OVERDUE"
          },
          {
            "value": "delayed",
            "name": "DELAYED"
          }
        ]
      },
      {
        "name": "LifeCycleStatus",
        "elements": [
          {
            "name": "code",
            "label": "Code",
            "type": "string",
            "length": 2,
            "key": true,
            "required": true,
            "readable": true,
            "writable": true
          },
          {
            "name": "name",
            "label": "Name",
            "type": "string",
            "localized": true,
            "key": false,
            "required": true,
            "readable": true,
            "writable": true
          }
        ],
        "values": [
          {
            "value": "businessActive",
            "name": "BUSINESS_ACTIVE"
          },
          {
            "value": "endOfBusiness",
            "name": "END_OF_BUSINESS"
          },
          {
            "value": "endOfPurpose",
            "name": "END_OF_PURPOSE"
          },
          {
            "value": "endOfRetention",
            "name": "END_OF_RETENTION"
          }
        ]
      },
      {
        "name": "EventStatus",
        "elements": [
          {
            "name": "code",
            "label": "Code",
            "type": "string",
            "length": 2,
            "key": true,
            "required": true,
            "readable": true,
            "writable": true
          },
          {
            "name": "name",
            "label": "Name",
            "type": "string",
            "localized": true,
            "key": false,
            "required": true,
            "readable": true,
            "writable": true
          }
        ],
        "values": [
          {
            "value": "planned",
            "name": "PLANNED"
          },
          {
            "value": "earlyReported",
            "name": "EAREARLY_REPORTEDLY"
          },
          {
            "value": "reported",
            "name": "REPORTED"
          },
          {
            "value": "lateReported",
            "name": "LATE_REPORTED"
          },
          {
            "value": "overdue",
            "name": "OVERDUE"
          },
          {
            "value": "delayed",
            "name": "DELAYED"
          }
        ]
      },
      {
        "name": "CorrelationType",
        "elements": [
          {
            "name": "code",
            "label": "Code",
            "type": "string",
            "length": 2,
            "key": true,
            "required": true,
            "readable": true,
            "writable": true
          },
          {
            "name": "name",
            "label": "Name",
            "type": "string",
            "localized": true,
            "key": false,
            "required": true,
            "readable": true,
            "writable": true
          }
        ],
        "values": [
          {
            "value": "earlyReported",
            "name": "EAREARLY_REPORTEDLY"
          },
          {
            "value": "reported",
            "name": "REPORTED"
          },
          {
            "value": "lateReported",
            "name": "LATE_REPORTED"
          },
          {
            "value": "unplanned",
            "name": "UNPLANNED"
          },
          {
            "value": "unplannedProcessCreationUpdate",
            "name": "UNPLANNED_PROCESS_CREATION_UPDATE"
          },
          {
            "value": "unplannedOverdue",
            "name": "UNPLANNED_OVERDUE"
          },
          {
            "value": "unplannedDelayed",
            "name": "UNPLANNED_DELAYED"
          },
          {
            "value": "unplannedResetPlanned",
            "name": "UNPLANNED_RESET_PLANNED"
          },
          {
            "value": "unplannedBlocking",
            "name": "UNPLANNED_BLOCKING"
          }
        ]
      },
      {
        "name": "ReferenceType",
        "elements": [
          {
            "name": "code",
            "label": "Code",
            "type": "string",
            "length": 2,
            "key": true,
            "required": true,
            "readable": true,
            "writable": true
          },
          {
            "name": "name",
            "label": "Name",
            "type": "string",
            "localized": true,
            "key": false,
            "required": true,
            "readable": true,
            "writable": true
          }
        ],
        "values": [
          {
            "value": "tracking",
            "name": "TRACKING"
          }
        ]
      },
      {
        "name": "Action",
        "elements": [
          {
            "name": "code",
            "label": "Code",
            "type": "string",
            "length": 2,
            "key": true,
            "required": true,
            "readable": true,
            "writable": true
          },
          {
            "name": "name",
            "label": "Name",
            "type": "string",
            "localized": true,
            "key": false,
            "required": true,
            "readable": true,
            "writable": true
          }
        ],
        "values": [
          {
            "value": "add",
            "name": "ADD"
          },
          {
            "value": "delete",
            "name": "DELETE"
          }
        ]
      }
    ]
  },
  "customModel": {
    "schemaVersion": "1.0.0",
    "subModels": [
      {
        "name": "shipment5",
        "enableIDoc": false,
        "processTypes": [
          {
            "name": "shipment5",
            "descr": "shipment",
            "trackingIdType": "SHP_NO5",
            "idocMapping": {
              "idoc": "E1EHPAO",
              "erpEventCode": "Test",
              "applicationObjectType": "shipment5",
              "eventType": "shipment5Event",
              "erpObjectType": "Others",
              "fieldMapping": [
                {
                  "field": "nameTest",
                  "idocSegment": "E1EHPCP",
                  "idocField": "FORWARDING_AGENT_COUNTRY_NAME"
                },
                {
                  "field": "nameTest2",
                  "idocSegment": "E1EHPCP",
                  "idocField": "FORWARDING_AGENT_STREET"
                },
                {
                  "field": "nameTest3",
                  "idocSegment": "E1EHPCP",
                  "idocField": "FORWARDING_AGENT_NAME"
                },
                {
                  "field": "stages",
                  "target": "shipment5.stage",
                  "composition": [
                    {
                      "field": "id",
                      "idocSegment": "E1EHPCP",
                      "idocField": "DEL_NO"
                    },
                    {
                      "field": "stagename",
                      "idocSegment": "E1EHPCP",
                      "idocField": "NO_OF_PACKAGES"
                    }
                  ]
                }
              ]
            },
            "elements": [
              {
                "name": "nameTest",
                "label": "Name Test",
                "type": "string",
                "length": 50,
                "key": false,
                "required": false,
                "readable": true,
                "writable": true,
                "dpp": []
              },
              {
                "name": "nameTest2",
                "label": "Name Test 2",
                "type": "string",
                "length": 50,
                "key": false,
                "required": false,
                "readable": true,
                "writable": true,
                "dpp": []
              },
              {
                "name": "nameTest3",
                "label": "Name Test 3",
                "type": "string",
                "length": 50,
                "key": false,
                "required": false,
                "readable": true,
                "writable": true,
                "dpp": []
              },
              {
                "name": "stages",
                "label": "stages",
                "type": "composition",
                "key": false,
                "required": false,
                "readable": true,
                "writable": true,
                "target": "shipment5.stage",
                "cardinality": {
                  "max": "*"
                }
              },
              {
                "name": "delivery",
                "label": "Delivery",
                "type": "association",
                "key": false,
                "required": false,
                "readable": true,
                "writable": true,
                "target": "delivery.delivery",
                "cardinality": {
                  "max": 1
                }
              }
            ],
            "admissiblePlannedEvents": [
              {
                "eventType": {
                  "target": "shipment5.CheckInEvent",
                  "descr": "Arrival Event"
                },
                "matchLocation": false,
                "businessToleranceValue": 10,
                "technicalToleranceValue": 10,
                "periodicOverdueDetection": 10,
                "businessToleranceUnit": "M",
                "technicalToleranceUnit": "M",
                "periodicOverdueDetectionUnit": "M",
                "maxOverdueDetection": 3
              }
            ],
            "parent": {
              "target": "CoreModel.TrackedProcess"
            }
          }
        ],
        "itemTypes": [
          {
            "name": "stage",
            "elements": [
              {
                "name": "id",
                "label": "id",
                "type": "string",
                "key": true,
                "required": true,
                "readable": true,
                "writable": true,
                "length": 10
              },
              {
                "name": "stagename",
                "label": "stage name",
                "type": "string",
                "key": false,
                "required": true,
                "readable": true,
                "writable": true,
                "length": 50
              }
            ]
          }
        ],
        "eventTypes": [
          {
            "name": "CheckInEvent",
            "elements": [],
            "idocMapping": {
              "idoc": "E1EHPAO",
              "erpEventCode": "CheckIn",
              "fieldMapping": []
            },
            "parent": {
              "target": "CoreModel.Event"
            }
          },
          {
            "name": "CheckOutEvent",
            "elements": [],
            "parent": {
              "target": "CoreModel.Event"
            }
          }
        ],
        "codeLists": [
          {
            "name": "OrderStatus",
            "elements": [
              {
                "name": "code",
                "label": "Code",
                "type": "string",
                "length": 50,
                "key": true,
                "required": true,
                "readable": true,
                "writable": true
              },
              {
                "name": "name",
                "label": "Name",
                "type": "string",
                "length": 255,
                "localized": true,
                "key": false,
                "required": true,
                "readable": true,
                "writable": true
              }
            ],
            "uiConfig": {
              "fieldsOrder": [
                {
                  "name": "string",
                  "context": "CoreModel",
                  "type": "string",
                  "visible": true
                }
              ],
              "compositionsOrder": [
                {
                  "name": "string",
                  "context": "CoreModel",
                  "type": "string",
                  "visible": true
                }
              ]
            },
            "values": [
              {
                "code": "01",
                "name": "Ready",
                "translation": {
                  "name": {
                    "textType": "NAME",
                    "translation": {
                      "zh_CN": "Translated text for Chinese (Simplified)",
                      "de": "Translated text for Germany",
                      "pt": "Translated text for Portuguese"
                    }
                  }
                }
              }
            ]
          }
        ]
      },
      {
        "name": "delivery",
        "enableIDoc": false,
        "processTypes": [
          {
            "name": "delivery",
            "descr": "delivery",
            "trackingIdType": "Delivery_No_0319020",
            "elements": [],
            "idocMapping": {
              "idoc": "E1EHPAO",
              "erpEventCode": "Test",
              "applicationObjectType": "deliveryAOT",
              "eventType": "deliveryEvent",
              "erpObjectType": "Others"
            },
            "parent": {
              "target": "CoreModel.TrackedProcess"
            }
          }
        ],
        "codeLists": [
          {
            "name": "OrderStatus",
            "elements": [
              {
                "name": "code",
                "label": "Code",
                "type": "string",
                "length": 50,
                "key": true,
                "required": true,
                "readable": true,
                "writable": true
              },
              {
                "name": "name",
                "label": "Name",
                "type": "string",
                "length": 255,
                "localized": true,
                "key": false,
                "required": true,
                "readable": true,
                "writable": true
              }
            ],
            "uiConfig": {
              "fieldsOrder": [
                {
                  "name": "string",
                  "context": "CoreModel",
                  "type": "string",
                  "visible": true
                }
              ],
              "compositionsOrder": [
                {
                  "name": "string",
                  "context": "CoreModel",
                  "type": "string",
                  "visible": true
                }
              ]
            },
            "values": [
              {
                "code": "01",
                "name": "Ready",
                "translation": {
                  "name": {
                    "textType": "NAME",
                    "translation": {
                      "zh_CN": "Translated text for Chinese (Simplified)",
                      "de": "Translated text for Germany",
                      "pt": "Translated text for Portuguese"
                    }
                  }
                }
              }
            ]
          }
        ]
      }
    ]
  }
}
