{
  "name": "shipment0331003",
  "namespace": "com.sap.gtt.app.shipment0331003",
  "version": "1.0.0",
  "descr": "model shipment",
  "draftStatus": "DEPLOYED",
  "status": "ACTIVE",
  "modifiedAt": "2020-04-02T02:36:22.456Z",
  "coreModel": {
    "version": "2.0.0",
    "processTypes": [
      {
        "name": "TrackedProcess",
        "elements": [
          {
            "name": "id",
            "label": "Id",
            "type": "uuid",
            "context": "CoreModel",
            "key": true,
            "required": true,
            "localized": false,
            "readable": true,
            "writable": false
          },
          {
            "name": "subaccountId",
            "label": "SubaccountId",
            "type": "uuid",
            "context": "CoreModel",
            "key": false,
            "required": false,
            "localized": false,
            "readable": false,
            "writable": false
          },
          {
            "name": "cloneInstanceId",
            "label": "CloneInstanceId",
            "type": "uuid",
            "context": "CoreModel",
            "key": false,
            "required": false,
            "localized": false,
            "readable": false,
            "writable": false
          },
          {
            "name": "trackedProcessType",
            "label": "TrackedProcessType",
            "type": "string",
            "context": "CoreModel",
            "key": false,
            "required": false,
            "localized": false,
            "readable": true,
            "writable": false,
            "length": 255
          },
          {
            "name": "altKey",
            "label": "AltKey",
            "type": "string",
            "context": "CoreModel",
            "key": false,
            "required": true,
            "localized": false,
            "readable": true,
            "writable": true,
            "length": 255
          },
          {
            "name": "scheme",
            "label": "Scheme",
            "type": "string",
            "context": "CoreModel",
            "key": false,
            "required": false,
            "localized": false,
            "readable": true,
            "writable": false,
            "length": 255
          },
          {
            "name": "partyId",
            "label": "PartyId",
            "type": "string",
            "context": "CoreModel",
            "key": false,
            "required": false,
            "localized": false,
            "readable": true,
            "writable": false,
            "length": 50
          },
          {
            "name": "logicalSystem",
            "label": "LogicalSystem",
            "type": "string",
            "context": "CoreModel",
            "key": false,
            "required": false,
            "localized": false,
            "readable": true,
            "writable": false,
            "length": 10
          },
          {
            "name": "trackingIdType",
            "label": "TrackingIdType",
            "type": "string",
            "context": "CoreModel",
            "key": false,
            "required": false,
            "localized": false,
            "readable": true,
            "writable": false,
            "length": 40
          },
          {
            "name": "trackingId",
            "label": "TrackingId",
            "type": "string",
            "context": "CoreModel",
            "key": false,
            "required": false,
            "localized": false,
            "readable": true,
            "writable": false,
            "length": 50
          },
          {
            "name": "processStatus",
            "label": "ProcessStatus",
            "type": "codelist",
            "context": "CoreModel",
            "key": false,
            "required": false,
            "localized": false,
            "readable": true,
            "writable": false,
            "length": 50,
            "target": "ProcessStatus",
            "default": "asPlanned"
          },
          {
            "name": "trackingIds",
            "label": "TrackingIds",
            "type": "composition",
            "context": "CoreModel",
            "key": false,
            "required": false,
            "localized": false,
            "readable": true,
            "writable": false,
            "target": "QualifiedTrackingId",
            "cardinality": {
              "max": "*"
            }
          },
          {
            "name": "plannedEvents",
            "label": "PlannedEvents",
            "type": "composition",
            "context": "CoreModel",
            "key": false,
            "required": false,
            "localized": false,
            "readable": true,
            "writable": true,
            "target": "PlannedEvent",
            "cardinality": {
              "max": "*"
            }
          },
          {
            "name": "processEvents",
            "label": "ProcessEvents",
            "type": "composition",
            "context": "CoreModel",
            "key": false,
            "required": false,
            "localized": false,
            "readable": true,
            "writable": false,
            "target": "ProcessEventDirectory",
            "cardinality": {
              "max": "*"
            }
          },
          {
            "name": "lifeCycleStatus",
            "label": "LifeCycleStatus",
            "type": "codelist",
            "context": "CoreModel",
            "key": false,
            "required": false,
            "localized": false,
            "readable": true,
            "writable": false,
            "length": 50,
            "target": "LifeCycleStatus",
            "default": "businessActive"
          },
          {
            "name": "createdByUser",
            "label": "CreatedByUser",
            "type": "string",
            "context": "CoreModel",
            "key": false,
            "required": false,
            "localized": false,
            "readable": true,
            "writable": false,
            "length": 64
          },
          {
            "name": "creationDateTime",
            "label": "CreationDateTime",
            "type": "timestamp",
            "context": "CoreModel",
            "key": false,
            "required": false,
            "localized": false,
            "readable": true,
            "writable": false
          },
          {
            "name": "lastChangedByUser",
            "label": "LastChangedByUser",
            "type": "string",
            "context": "CoreModel",
            "key": false,
            "required": false,
            "localized": false,
            "readable": true,
            "writable": false,
            "length": 64
          },
          {
            "name": "lastChangeDateTime",
            "label": "LastChangeDateTime",
            "type": "timestamp",
            "context": "CoreModel",
            "key": false,
            "required": false,
            "localized": false,
            "readable": true,
            "writable": false
          },
          {
            "name": "lastChangedAtBusinessTime",
            "label": "LastChangedAtBusinessTime",
            "type": "timestamp",
            "context": "CoreModel",
            "key": false,
            "required": false,
            "localized": false,
            "readable": true,
            "writable": false
          },
          {
            "name": "version",
            "label": "Version",
            "type": "integer",
            "context": "CoreModel",
            "key": false,
            "required": false,
            "localized": false,
            "readable": true,
            "writable": false
          }
        ]
      }
    ],
    "itemTypes": [
      {
        "name": "QualifiedTrackingId",
        "elements": [
          {
            "name": "process_id",
            "label": "Process_id",
            "type": "uuid",
            "context": "CoreModel",
            "key": true,
            "required": true,
            "localized": false,
            "readable": true,
            "writable": false
          },
          {
            "name": "process",
            "label": "Process",
            "type": "association",
            "context": "CoreModel",
            "key": false,
            "required": false,
            "localized": false,
            "readable": true,
            "writable": false,
            "target": "TrackedProcess",
            "cardinality": {
              "max": 1
            }
          },
          {
            "name": "observedProcess",
            "label": "ObservedProcess",
            "type": "association",
            "context": "CoreModel",
            "key": true,
            "required": true,
            "localized": false,
            "readable": true,
            "writable": false,
            "target": "TrackedProcess",
            "cardinality": {
              "max": 1
            }
          },
          {
            "name": "validFrom",
            "label": "ValidFrom",
            "type": "timestamp",
            "context": "CoreModel",
            "key": false,
            "required": false,
            "localized": false,
            "readable": true,
            "writable": false
          },
          {
            "name": "validTo",
            "label": "ValidTo",
            "type": "timestamp",
            "context": "CoreModel",
            "key": false,
            "required": false,
            "localized": false,
            "readable": true,
            "writable": false
          }
        ]
      },
      {
        "name": "PlannedEvent",
        "elements": [
          {
            "name": "id",
            "label": "Id",
            "type": "uuid",
            "context": "CoreModel",
            "key": true,
            "required": true,
            "localized": false,
            "readable": true,
            "writable": false
          },
          {
            "name": "process_id",
            "label": "Process_id",
            "type": "uuid",
            "context": "CoreModel",
            "key": false,
            "required": false,
            "localized": false,
            "readable": true,
            "writable": false
          },
          {
            "name": "process",
            "label": "Process",
            "type": "association",
            "context": "CoreModel",
            "key": false,
            "required": false,
            "localized": false,
            "readable": true,
            "writable": false,
            "target": "TrackedProcess",
            "cardinality": {
              "max": 1
            }
          },
          {
            "name": "eventType",
            "label": "EventType",
            "type": "string",
            "context": "CoreModel",
            "key": true,
            "required": true,
            "localized": false,
            "readable": true,
            "writable": true,
            "length": 255
          },
          {
            "name": "locationAltKey",
            "label": "Location AltKey",
            "type": "string",
            "context": "CoreModel",
            "key": true,
            "required": true,
            "localized": false,
            "readable": true,
            "writable": true,
            "length": 255
          },
          {
            "name": "eventMatchKey",
            "label": "EventMatchKey",
            "type": "string",
            "context": "CoreModel",
            "key": true,
            "required": true,
            "localized": false,
            "readable": true,
            "writable": true,
            "length": 255
          },
          {
            "name": "longitude",
            "label": "Longitude",
            "type": "decimal",
            "context": "CoreModel",
            "key": false,
            "required": false,
            "localized": false,
            "readable": true,
            "writable": true,
            "precision": 12,
            "scale": 9,
            "minimum": -180,
            "maximum": 180
          },
          {
            "name": "latitude",
            "label": "Latitude",
            "type": "decimal",
            "context": "CoreModel",
            "key": false,
            "required": false,
            "localized": false,
            "readable": true,
            "writable": true,
            "precision": 12,
            "scale": 9,
            "minimum": -90,
            "maximum": 90
          },
          {
            "name": "eventStatus",
            "label": "EventStatus",
            "type": "codelist",
            "context": "CoreModel",
            "key": false,
            "required": false,
            "localized": false,
            "readable": true,
            "writable": false,
            "length": 50,
            "target": "EventStatus",
            "default": "planned"
          },
          {
            "name": "payloadSequence",
            "label": "PayloadSequence",
            "type": "integer",
            "context": "CoreModel",
            "key": false,
            "required": false,
            "localized": false,
            "readable": true,
            "writable": true
          },
          {
            "name": "isFinalPlannedEvent",
            "label": "IsFinalPlannedEvent",
            "type": "boolean",
            "context": "CoreModel",
            "key": false,
            "required": false,
            "localized": false,
            "readable": true,
            "writable": true
          },
          {
            "name": "lastProcessEventDirectory",
            "label": "LastProcessEventDirectory",
            "type": "association",
            "context": "CoreModel",
            "key": false,
            "required": false,
            "localized": false,
            "readable": true,
            "writable": true,
            "target": "ProcessEventDirectory",
            "cardinality": {
              "max": 1
            }
          },
          {
            "name": "nextOverdueDetection",
            "label": "NextOverdueDetection",
            "type": "timestamp",
            "context": "CoreModel",
            "key": false,
            "required": false,
            "localized": false,
            "readable": true,
            "writable": false
          },
          {
            "name": "overdueDetectionCounter",
            "label": "OverdueDetectionCounter",
            "type": "integer",
            "context": "CoreModel",
            "key": false,
            "required": false,
            "localized": false,
            "readable": true,
            "writable": false
          },
          {
            "name": "plannedTechnicalTimestamp",
            "label": "PlannedTechnicalTimestamp",
            "type": "timestamp",
            "context": "CoreModel",
            "key": false,
            "required": false,
            "localized": false,
            "readable": true,
            "writable": true
          },
          {
            "name": "plannedTechTsEarliest",
            "label": "PlannedTechTsEarliest",
            "type": "timestamp",
            "context": "CoreModel",
            "key": false,
            "required": false,
            "localized": false,
            "readable": true,
            "writable": true
          },
          {
            "name": "plannedTechTsLatest",
            "label": "PlannedTechTsLatest",
            "type": "timestamp",
            "context": "CoreModel",
            "key": false,
            "required": false,
            "localized": false,
            "readable": true,
            "writable": true
          },
          {
            "name": "plannedBusinessTimestamp",
            "label": "PlannedBusinessTimestamp",
            "type": "timestamp",
            "context": "CoreModel",
            "key": false,
            "required": false,
            "localized": false,
            "readable": true,
            "writable": true
          },
          {
            "name": "plannedBizTsEarliest",
            "label": "PlannedBizTsEarliest",
            "type": "timestamp",
            "context": "CoreModel",
            "key": false,
            "required": false,
            "localized": false,
            "readable": true,
            "writable": true
          },
          {
            "name": "plannedBizTsLatest",
            "label": "PlannedBizTsLatest",
            "type": "timestamp",
            "context": "CoreModel",
            "key": false,
            "required": false,
            "localized": false,
            "readable": true,
            "writable": true
          },
          {
            "name": "plannedBusinessTimeZone",
            "label": "PlannedBusinessTimeZone",
            "type": "string",
            "context": "CoreModel",
            "key": false,
            "required": false,
            "localized": false,
            "readable": true,
            "writable": true,
            "length": 50
          }
        ]
      },
      {
        "name": "ProcessEventDirectory",
        "elements": [
          {
            "name": "id",
            "label": "Id",
            "type": "uuid",
            "context": "CoreModel",
            "key": true,
            "required": true,
            "localized": false,
            "readable": true,
            "writable": false
          },
          {
            "name": "process_id",
            "label": "Process_id",
            "type": "uuid",
            "context": "CoreModel",
            "key": false,
            "required": false,
            "localized": false,
            "readable": true,
            "writable": false
          },
          {
            "name": "process",
            "label": "Process",
            "type": "association",
            "context": "CoreModel",
            "key": false,
            "required": false,
            "localized": false,
            "readable": true,
            "writable": false,
            "target": "TrackedProcess",
            "cardinality": {
              "max": 1
            }
          },
          {
            "name": "plannedEvent_id",
            "label": "PlannedEvent_id",
            "type": "uuid",
            "context": "CoreModel",
            "key": false,
            "required": false,
            "localized": false,
            "readable": true,
            "writable": false
          },
          {
            "name": "plannedEvent",
            "label": "PlannedEvent",
            "type": "association",
            "context": "CoreModel",
            "key": false,
            "required": false,
            "localized": false,
            "readable": true,
            "writable": false,
            "target": "PlannedEvent",
            "cardinality": {
              "max": 1
            }
          },
          {
            "name": "event_id",
            "label": "Event_id",
            "type": "uuid",
            "context": "CoreModel",
            "key": false,
            "required": false,
            "localized": false,
            "readable": true,
            "writable": false
          },
          {
            "name": "event",
            "label": "Event",
            "type": "association",
            "context": "CoreModel",
            "key": false,
            "required": false,
            "localized": false,
            "readable": true,
            "writable": false,
            "target": "Event",
            "cardinality": {
              "max": 1
            }
          },
          {
            "name": "correlationType",
            "label": "CorrelationType",
            "type": "codelist",
            "context": "CoreModel",
            "key": false,
            "required": false,
            "localized": false,
            "readable": true,
            "writable": false,
            "length": 50,
            "target": "CorrelationType"
          }
        ]
      },
      {
        "name": "Reference",
        "elements": [
          {
            "name": "id",
            "label": "Id",
            "type": "uuid",
            "context": "CoreModel",
            "key": true,
            "required": true,
            "localized": false,
            "readable": true,
            "writable": false
          },
          {
            "name": "event_id",
            "label": "Event_id",
            "type": "uuid",
            "context": "CoreModel",
            "key": false,
            "required": false,
            "localized": false,
            "readable": true,
            "writable": false
          },
          {
            "name": "event",
            "label": "Event",
            "type": "association",
            "context": "CoreModel",
            "key": false,
            "required": false,
            "localized": false,
            "readable": true,
            "writable": false,
            "target": "Event",
            "cardinality": {
              "max": 1
            }
          },
          {
            "name": "referenceType",
            "label": "ReferenceType",
            "type": "codelist",
            "context": "CoreModel",
            "key": false,
            "required": true,
            "localized": false,
            "readable": true,
            "writable": true,
            "length": 50,
            "target": "ReferenceType"
          },
          {
            "name": "altKey",
            "label": "AltKey",
            "type": "string",
            "context": "CoreModel",
            "key": false,
            "required": true,
            "localized": false,
            "readable": true,
            "writable": true,
            "length": 255
          },
          {
            "name": "validFrom",
            "label": "ValidFrom",
            "type": "timestamp",
            "context": "CoreModel",
            "key": false,
            "required": false,
            "localized": false,
            "readable": true,
            "writable": true
          },
          {
            "name": "validTo",
            "label": "ValidTo",
            "type": "timestamp",
            "context": "CoreModel",
            "key": false,
            "required": false,
            "localized": false,
            "readable": true,
            "writable": true
          },
          {
            "name": "action",
            "label": "Action",
            "type": "codelist",
            "context": "CoreModel",
            "key": false,
            "required": true,
            "localized": false,
            "readable": true,
            "writable": true,
            "length": 50,
            "target": "Action"
          }
        ]
      }
    ],
    "eventTypes": [
      {
        "name": "Event",
        "elements": [
          {
            "name": "id",
            "label": "Id",
            "type": "uuid",
            "context": "CoreModel",
            "key": true,
            "required": true,
            "localized": false,
            "readable": true,
            "writable": false
          },
          {
            "name": "subaccountId",
            "label": "SubaccountId",
            "type": "uuid",
            "context": "CoreModel",
            "key": false,
            "required": false,
            "localized": false,
            "readable": false,
            "writable": false
          },
          {
            "name": "cloneInstanceId",
            "label": "CloneInstanceId",
            "type": "uuid",
            "context": "CoreModel",
            "key": false,
            "required": false,
            "localized": false,
            "readable": false,
            "writable": false
          },
          {
            "name": "modelNamespace",
            "label": "ModelNamespace",
            "type": "string",
            "context": "CoreModel",
            "key": false,
            "required": false,
            "localized": false,
            "readable": true,
            "writable": false,
            "length": 255
          },
          {
            "name": "eventType",
            "label": "EventType",
            "type": "string",
            "context": "CoreModel",
            "key": false,
            "required": false,
            "localized": false,
            "readable": true,
            "writable": false,
            "length": 255
          },
          {
            "name": "eventReasonText",
            "label": "EventReasonText",
            "type": "string",
            "context": "CoreModel",
            "key": false,
            "required": false,
            "localized": false,
            "readable": true,
            "writable": true,
            "length": 255
          },
          {
            "name": "eventReasonCode",
            "label": "EventReasonCode",
            "type": "string",
            "context": "CoreModel",
            "key": false,
            "required": false,
            "localized": false,
            "readable": true,
            "writable": true,
            "length": 255
          },
          {
            "name": "senderPartyId",
            "label": "SenderPartyId",
            "type": "string",
            "context": "CoreModel",
            "key": false,
            "required": false,
            "localized": false,
            "readable": true,
            "writable": false,
            "length": 50
          },
          {
            "name": "altKey",
            "label": "AltKey",
            "type": "string",
            "context": "CoreModel",
            "key": false,
            "required": true,
            "localized": false,
            "readable": true,
            "writable": true,
            "length": 255
          },
          {
            "name": "scheme",
            "label": "Scheme",
            "type": "string",
            "context": "CoreModel",
            "key": false,
            "required": false,
            "localized": false,
            "readable": true,
            "writable": false,
            "length": 255
          },
          {
            "name": "partyId",
            "label": "PartyId",
            "type": "string",
            "context": "CoreModel",
            "key": false,
            "required": false,
            "localized": false,
            "readable": true,
            "writable": false,
            "length": 50
          },
          {
            "name": "logicalSystem",
            "label": "LogicalSystem",
            "type": "string",
            "context": "CoreModel",
            "key": false,
            "required": false,
            "localized": false,
            "readable": true,
            "writable": false,
            "length": 10
          },
          {
            "name": "trackingIdType",
            "label": "TrackingIdType",
            "type": "string",
            "context": "CoreModel",
            "key": false,
            "required": false,
            "localized": false,
            "readable": true,
            "writable": false,
            "length": 40
          },
          {
            "name": "trackingId",
            "label": "TrackingId",
            "type": "string",
            "context": "CoreModel",
            "key": false,
            "required": false,
            "localized": false,
            "readable": true,
            "writable": false,
            "length": 50
          },
          {
            "name": "actualTechnicalTimestamp",
            "label": "ActualTechnicalTimestamp",
            "type": "timestamp",
            "context": "CoreModel",
            "key": false,
            "required": false,
            "localized": false,
            "readable": true,
            "writable": true
          },
          {
            "name": "actualBusinessTimestamp",
            "label": "ActualBusinessTimestamp",
            "type": "timestamp",
            "context": "CoreModel",
            "key": false,
            "required": true,
            "localized": false,
            "readable": true,
            "writable": true
          },
          {
            "name": "actualBusinessTimeZone",
            "label": "ActualBusinessTimeZone",
            "type": "string",
            "context": "CoreModel",
            "key": false,
            "required": false,
            "localized": false,
            "readable": true,
            "writable": true,
            "length": 50
          },
          {
            "name": "locationAltKey",
            "label": "LocationAltKey",
            "type": "string",
            "context": "CoreModel",
            "key": false,
            "required": false,
            "localized": false,
            "readable": true,
            "writable": true,
            "length": 255
          },
          {
            "name": "eventMatchKey",
            "label": "EventMatchKey",
            "type": "string",
            "context": "CoreModel",
            "key": false,
            "required": false,
            "localized": false,
            "readable": true,
            "writable": true,
            "length": 255
          },
          {
            "name": "longitude",
            "label": "Longitude",
            "type": "decimal",
            "context": "CoreModel",
            "key": false,
            "required": false,
            "localized": false,
            "readable": true,
            "writable": true,
            "precision": 12,
            "scale": 9,
            "minimum": -180,
            "maximum": 180
          },
          {
            "name": "latitude",
            "label": "Latitude",
            "type": "decimal",
            "context": "CoreModel",
            "key": false,
            "required": false,
            "localized": false,
            "readable": true,
            "writable": true,
            "precision": 12,
            "scale": 9,
            "minimum": -90,
            "maximum": 90
          },
          {
            "name": "references",
            "label": "References",
            "type": "composition",
            "context": "CoreModel",
            "key": false,
            "required": false,
            "localized": false,
            "readable": true,
            "writable": true,
            "target": "Reference",
            "cardinality": {
              "max": "*"
            }
          },
          {
            "name": "eventProcesses",
            "label": "EventProcesses",
            "type": "association",
            "context": "CoreModel",
            "key": false,
            "required": false,
            "localized": false,
            "readable": true,
            "writable": false,
            "target": "ProcessEventDirectory",
            "cardinality": {
              "max": "*"
            }
          },
          {
            "name": "messageSourceType",
            "label": "MessageSourceType",
            "type": "string",
            "context": "CoreModel",
            "key": false,
            "required": false,
            "localized": false,
            "readable": true,
            "writable": false,
            "length": 50
          },
          {
            "name": "reportedBy",
            "label": "Reported By",
            "type": "string",
            "context": "CoreModel",
            "key": false,
            "required": false,
            "localized": false,
            "readable": true,
            "writable": true,
            "length": 255
          },
          {
            "name": "createdByUser",
            "label": "CreatedByUser",
            "type": "string",
            "context": "CoreModel",
            "key": false,
            "required": false,
            "localized": false,
            "readable": true,
            "writable": false,
            "length": 64
          },
          {
            "name": "creationDateTime",
            "label": "CreationDateTime",
            "type": "timestamp",
            "context": "CoreModel",
            "key": false,
            "required": false,
            "localized": false,
            "readable": true,
            "writable": false
          }
        ]
      },
      {
        "name": "GTTDelayedEvent",
        "parent": {
          "target": "CoreModel.Event"
        },
        "elements": [
          {
            "name": "refPlannedEventType",
            "label": "RefPlannedEventType",
            "type": "string",
            "context": "CoreModel",
            "key": false,
            "required": false,
            "localized": false,
            "readable": true,
            "writable": true,
            "length": 255
          },
          {
            "name": "refPlannedEventMatchKey",
            "label": "RefPlannedEventMatchKey",
            "type": "string",
            "context": "CoreModel",
            "key": false,
            "required": false,
            "localized": false,
            "readable": true,
            "writable": true,
            "length": 255
          },
          {
            "name": "refPlannedEventLocationAltKey",
            "label": "RefPlannedEventLocationAltKey",
            "type": "string",
            "context": "CoreModel",
            "key": false,
            "required": false,
            "localized": false,
            "readable": true,
            "writable": true,
            "length": 255
          }
        ]
      },
      {
        "name": "GTTResetPlannedEventStatusEvent",
        "parent": {
          "target": "CoreModel.Event"
        },
        "elements": [
          {
            "name": "refPlannedEventType",
            "label": "RefPlannedEventType",
            "type": "string",
            "context": "CoreModel",
            "key": false,
            "required": false,
            "localized": false,
            "readable": true,
            "writable": true,
            "length": 255
          },
          {
            "name": "refPlannedEventMatchKey",
            "label": "RefPlannedEventMatchKey",
            "type": "string",
            "context": "CoreModel",
            "key": false,
            "required": false,
            "localized": false,
            "readable": true,
            "writable": true,
            "length": 255
          },
          {
            "name": "refPlannedEventLocationAltKey",
            "label": "RefPlannedEventLocationAltKey",
            "type": "string",
            "context": "CoreModel",
            "key": false,
            "required": false,
            "localized": false,
            "readable": true,
            "writable": true,
            "length": 255
          }
        ]
      },
      {
        "name": "GTTDeletionEvent",
        "parent": {
          "target": "CoreModel.Event"
        },
        "elements": []
      },
      {
        "name": "GTTDPPBlockingEvent",
        "parent": {
          "target": "CoreModel.Event"
        },
        "elements": []
      },
      {
        "name": "GTTDPPDeletionEvent",
        "parent": {
          "target": "CoreModel.Event"
        },
        "elements": []
      }
    ],
    "codeLists": [
      {
        "name": "ProcessStatus",
        "elements": [
          {
            "name": "code",
            "label": "Code",
            "type": "string",
            "length": 2,
            "key": true,
            "required": true,
            "readable": true,
            "writable": true
          },
          {
            "name": "name",
            "label": "Name",
            "type": "string",
            "localized": true,
            "key": false,
            "required": true,
            "readable": true,
            "writable": true
          }
        ],
        "values": [
          {
            "code": "asPlanned",
            "name": "AS_PLANNED"
          },
          {
            "code": "early",
            "name": "EARLY"
          },
          {
            "code": "late",
            "name": "LATE"
          },
          {
            "code": "overdue",
            "name": "OVERDUE"
          },
          {
            "code": "delayed",
            "name": "DELAYED"
          }
        ]
      },
      {
        "name": "LifeCycleStatus",
        "elements": [
          {
            "name": "code",
            "label": "Code",
            "type": "string",
            "length": 2,
            "key": true,
            "required": true,
            "readable": true,
            "writable": true
          },
          {
            "name": "name",
            "label": "Name",
            "type": "string",
            "localized": true,
            "key": false,
            "required": true,
            "readable": true,
            "writable": true
          }
        ],
        "values": [
          {
            "code": "businessActive",
            "name": "BUSINESS_ACTIVE"
          },
          {
            "code": "endOfBusiness",
            "name": "END_OF_BUSINESS"
          },
          {
            "code": "endOfPurpose",
            "name": "END_OF_PURPOSE"
          },
          {
            "code": "endOfRetention",
            "name": "END_OF_RETENTION"
          }
        ]
      },
      {
        "name": "EventStatus",
        "elements": [
          {
            "name": "code",
            "label": "Code",
            "type": "string",
            "length": 2,
            "key": true,
            "required": true,
            "readable": true,
            "writable": true
          },
          {
            "name": "name",
            "label": "Name",
            "type": "string",
            "localized": true,
            "key": false,
            "required": true,
            "readable": true,
            "writable": true
          }
        ],
        "values": [
          {
            "code": "planned",
            "name": "PLANNED"
          },
          {
            "code": "earlyReported",
            "name": "EAREARLY_REPORTEDLY"
          },
          {
            "code": "reported",
            "name": "REPORTED"
          },
          {
            "code": "lateReported",
            "name": "LATE_REPORTED"
          },
          {
            "code": "overdue",
            "name": "OVERDUE"
          },
          {
            "code": "delayed",
            "name": "DELAYED"
          }
        ]
      },
      {
        "name": "CorrelationType",
        "elements": [
          {
            "name": "code",
            "label": "Code",
            "type": "string",
            "length": 2,
            "key": true,
            "required": true,
            "readable": true,
            "writable": true
          },
          {
            "name": "name",
            "label": "Name",
            "type": "string",
            "localized": true,
            "key": false,
            "required": true,
            "readable": true,
            "writable": true
          }
        ],
        "values": [
          {
            "code": "earlyReported",
            "name": "EAREARLY_REPORTEDLY"
          },
          {
            "code": "reported",
            "name": "REPORTED"
          },
          {
            "code": "lateReported",
            "name": "LATE_REPORTED"
          },
          {
            "code": "unplanned",
            "name": "UNPLANNED"
          },
          {
            "code": "unplannedProcessCreationUpdate",
            "name": "UNPLANNED_PROCESS_CREATION_UPDATE"
          },
          {
            "code": "unplannedOverdue",
            "name": "UNPLANNED_OVERDUE"
          },
          {
            "code": "unplannedDelayed",
            "name": "UNPLANNED_DELAYED"
          },
          {
            "code": "unplannedResetPlanned",
            "name": "UNPLANNED_RESET_PLANNED"
          },
          {
            "code": "unplannedBlocking",
            "name": "UNPLANNED_BLOCKING"
          }
        ]
      },
      {
        "name": "ReferenceType",
        "elements": [
          {
            "name": "code",
            "label": "Code",
            "type": "string",
            "length": 2,
            "key": true,
            "required": true,
            "readable": true,
            "writable": true
          },
          {
            "name": "name",
            "label": "Name",
            "type": "string",
            "localized": true,
            "key": false,
            "required": true,
            "readable": true,
            "writable": true
          }
        ],
        "values": [
          {
            "code": "tracking",
            "name": "TRACKING"
          }
        ]
      },
      {
        "name": "Action",
        "elements": [
          {
            "name": "code",
            "label": "Code",
            "type": "string",
            "length": 2,
            "key": true,
            "required": true,
            "readable": true,
            "writable": true
          },
          {
            "name": "name",
            "label": "Name",
            "type": "string",
            "localized": true,
            "key": false,
            "required": true,
            "readable": true,
            "writable": true
          }
        ],
        "values": [
          {
            "code": "add",
            "name": "ADD"
          },
          {
            "code": "delete",
            "name": "DELETE"
          }
        ]
      }
    ]
  },
  "customModel": {
    "schemaVersion": "1.0.0",
    "subModels": [
      {
        "name": "shipment",
        "processTypes": [
          {
            "name": "shipment",
            "descr": "shipment",
            "trackingIdType": "SHIP_NO_0331003",
            "elements": [
              {
                "name": "shipmentId",
                "label": "Shipment Id",
                "type": "string",
                "key": false,
                "required": true,
                "readable": true,
                "writable": true,
                "dpp": [],
                "length": 10
              },
              {
                "name": "stages",
                "label": "stages",
                "type": "composition",
                "key": false,
                "required": false,
                "readable": true,
                "writable": true,
                "target": "shipment.stage",
                "cardinality": {
                  "max": "*"
                }
              }
            ],
            "parent": {
              "target": "CoreModel.TrackedProcess"
            },
            "admissiblePlannedEvents": [
              {
                "eventType": {
                  "target": "shipment.CheckInEvent",
                  "descr": "Check In Event"
                },
                "matchLocation": false,
                "businessToleranceValue": 3,
                "businessToleranceUnit": "M",
                "technicalToleranceValue": 3,
                "technicalToleranceUnit": "M",
                "periodicOverdueDetection": 3,
                "periodicOverdueDetectionUnit": "M",
                "maxOverdueDetection": 3
              }
            ]
          }
        ],
        "itemTypes": [
          {
            "name": "stage",
            "elements": [
              {
                "name": "id",
                "label": "Stage Id",
                "type": "string",
                "key": true,
                "required": true,
                "readable": true,
                "writable": true,
                "length": 10
              },
              {
                "name": "stagename",
                "label": "Stage Name",
                "type": "string",
                "key": false,
                "required": false,
                "readable": true,
                "writable": true,
                "length": 50
              }
            ]
          }
        ],
        "eventTypes": [
          {
            "name": "CheckInEvent",
            "elements": [
              {
                "name": "gate",
                "label": "Gate",
                "type": "string",
                "key": false,
                "required": false,
                "readable": true,
                "writable": true,
                "dpp": [],
                "length": 30
              }
            ],
            "parent": {
              "target": "CoreModel.Event"
            }
          }
        ]
      },
      {
        "name": "delivery",
        "processTypes": [
          {
            "name": "delivery",
            "descr": "delivery",
            "trackingIdType": "delivery_0331003",
            "elements": [],
            "parent": {
              "target": "CoreModel.TrackedProcess"
            },
            "admissiblePlannedEvents": [
              {
                "eventType": {
                  "target": "shipment.CheckInEvent",
                  "descr": "CheckInEvent"
                },
                "matchLocation": false,
                "businessToleranceValue": 3,
                "businessToleranceUnit": "M",
                "technicalToleranceValue": 4,
                "technicalToleranceUnit": "M",
                "periodicOverdueDetection": 14,
                "periodicOverdueDetectionUnit": "M",
                "maxOverdueDetection": 4
              }
            ]
          }
        ]
      }
    ],
    "plannedEvent": {
      "elements": [
        {
          "name": "fieldName1",
          "label": "Field Label",
          "translation": {
            "label": {
              "textType": "LABEL",
              "translation": {
                "zh_CN": "Translated text for Chinese (Simplified)",
                "de": "Translated text for Germany",
                "pt": "Translated text for Portuguese"
              }
            }
          },
          "type": "string",
          "context": "CoreModel",
          "required": false,
          "localized": false,
          "readable": true,
          "writable": true,
          "length": 50
        },
        {
          "name": "fieldName2",
          "label": "Field Label",
          "translation": {
            "label": {
              "textType": "LABEL",
              "translation": {
                "zh_CN": "Translated text for Chinese (Simplified)",
                "de": "Translated text for Germany",
                "pt": "Translated text for Portuguese"
              }
            }
          },
          "type": "uuid",
          "context": "CoreModel",
          "required": false,
          "localized": false,
          "readable": true,
          "writable": true
        },
        {
          "name": "fieldName3",
          "label": "Field Label",
          "translation": {
            "label": {
              "textType": "LABEL",
              "translation": {
                "zh_CN": "Translated text for Chinese (Simplified)",
                "de": "Translated text for Germany",
                "pt": "Translated text for Portuguese"
              }
            }
          },
          "type": "boolean",
          "context": "CoreModel",
          "required": false,
          "localized": false,
          "readable": true,
          "writable": true
        },
        {
          "name": "fieldName4",
          "label": "Field Label",
          "translation": {
            "label": {
              "textType": "LABEL",
              "translation": {
                "zh_CN": "Translated text for Chinese (Simplified)",
                "de": "Translated text for Germany",
                "pt": "Translated text for Portuguese"
              }
            }
          },
          "type": "integer",
          "context": "CoreModel",
          "required": false,
          "localized": false,
          "readable": true,
          "writable": true
        },
        {
          "name": "fieldName5",
          "label": "Field Label",
          "translation": {
            "label": {
              "textType": "LABEL",
              "translation": {
                "zh_CN": "Translated text for Chinese (Simplified)",
                "de": "Translated text for Germany",
                "pt": "Translated text for Portuguese"
              }
            }
          },
          "type": "decimal",
          "context": "CoreModel",
          "required": false,
          "localized": false,
          "readable": true,
          "writable": true,
          "precision": 12,
          "scale": 9
        },
        {
          "name": "fieldName6",
          "label": "Field Label",
          "translation": {
            "label": {
              "textType": "LABEL",
              "translation": {
                "zh_CN": "Translated text for Chinese (Simplified)",
                "de": "Translated text for Germany",
                "pt": "Translated text for Portuguese"
              }
            }
          },
          "type": "date",
          "context": "CoreModel",
          "required": false,
          "localized": false,
          "readable": true,
          "writable": true
        },
        {
          "name": "fieldName7",
          "label": "Field Label",
          "translation": {
            "label": {
              "textType": "LABEL",
              "translation": {
                "zh_CN": "Translated text for Chinese (Simplified)",
                "de": "Translated text for Germany",
                "pt": "Translated text for Portuguese"
              }
            }
          },
          "type": "timestamp",
          "context": "CoreModel",
          "required": false,
          "localized": false,
          "readable": true,
          "writable": true
        },
        {
          "name": "fieldName8",
          "label": "Field Label",
          "translation": {
            "label": {
              "textType": "LABEL",
              "translation": {
                "zh_CN": "Translated text for Chinese (Simplified)",
                "de": "Translated text for Germany",
                "pt": "Translated text for Portuguese"
              }
            }
          },
          "type": "codelist",
          "context": "CoreModel",
          "required": false,
          "readable": true,
          "writable": true,
          "target": "FreightOrder.OrderStatus",
          "default": "01"
        },
        {
          "name": "fieldName9",
          "label": "Field Label",
          "translation": {
            "label": {
              "textType": "LABEL",
              "translation": {
                "zh_CN": "Translated text for Chinese (Simplified)",
                "de": "Translated text for Germany",
                "pt": "Translated text for Portuguese"
              }
            }
          },
          "type": "codelist",
          "context": "CoreModel",
          "required": false,
          "readable": true,
          "writable": true,
          "target": "FreightOrder.OrderStatus1"
        }
      ]
    },
    "eventToAction": ""
  }
}
