{
  "value": [
    {
      "name": "SO_HEADER",
      "docs": [
        {
          "idoc": "E1EHPAO",
          "fields": [
            {
              "idocField": "YN_SO_NO",
              "idocSegment": "E1EHPCP",
              "eventType": ""
            },
            {
              "idocField": "YN_DOCUMENT_DATE",
              "idocSegment": "E1EHPCP",
              "eventType": ""
            },
            {
              "idocField": "YN_NET_VALUE",
              "idocSegment": "E1EHPCP",
              "eventType": ""
            },
            {
              "idocField": "YN_NET_VALUE_CURRENCY",
              "idocSegment": "E1EHPCP",
              "eventType": ""
            },
            {
              "idocField": "YN_SO_INCOTERM1",
              "idocSegment": "E1EHPCP",
              "eventType": ""
            },
            {
              "idocField": "YN_SO_INCOTERM_LOCATION",
              "idocSegment": "E1EHPCP",
              "eventType": ""
            },
            {
              "idocField": "YN_SO_INCOTERM_VERSION",
              "idocSegment": "E1EHPCP",
              "eventType": ""
            },
            {
              "idocField": "YN_SO_PO_NO",
              "idocSegment": "E1EHPCP",
              "eventType": ""
            },
            {
              "idocField": "YN_SO_SHIPTO",
              "idocSegment": "E1EHPCP",
              "eventType": ""
            },
            {
              "idocField": "ACTUAL_BUSINESS_TIMEZONE",
              "idocSegment": "E1EHPCP",
              "eventType": ""
            },
            {
              "idocField": "ACTUAL_BUSINESS_DATETIME",
              "idocSegment": "E1EHPCP",
              "eventType": ""
            },
            {
              "idocField": "YN_SO_HDR_ITM_LINE_COUNT",
              "idocSegment": "E1EHPCP",
              "eventType": ""
            },
            {
              "idocField": "YN_SO_HDR_ITM_NO",
              "idocSegment": "E1EHPCP",
              "eventType": ""
            }
          ]
        }
      ]
    },
    {
      "name": "SO_ITEM",
      "docs": [
        {
          "idoc": "E1EHPAO",
          "fields": [
            {
              "idocField": "YN_SO_NO",
              "idocSegment": "E1EHPCP",
              "eventType": ""
            },
            {
              "idocField": "YN_SO_ITEM_NO",
              "idocSegment": "E1EHPCP",
              "eventType": ""
            },
            {
              "idocField": "YN_MATERIAL_NO",
              "idocSegment": "E1EHPCP",
              "eventType": ""
            },
            {
              "idocField": "YN_MATERIAL_TXT",
              "idocSegment": "E1EHPCP",
              "eventType": ""
            },
            {
              "idocField": "YN_PLANT",
              "idocSegment": "E1EHPCP",
              "eventType": ""
            },
            {
              "idocField": "YN_QUANTITY",
              "idocSegment": "E1EHPCP",
              "eventType": ""
            },
            {
              "idocField": "YN_QTY_UNIT",
              "idocSegment": "E1EHPCP",
              "eventType": ""
            },
            {
              "idocField": "YN_NET_VALUE",
              "idocSegment": "E1EHPCP",
              "eventType": ""
            },
            {
              "idocField": "YN_NET_VALUE_CURRENCY",
              "idocSegment": "E1EHPCP",
              "eventType": ""
            },
            {
              "idocField": "YN_REJECTION_STATUS",
              "idocSegment": "E1EHPCP",
              "eventType": ""
            },
            {
              "idocField": "ACTUAL_BUSINESS_TIMEZONE",
              "idocSegment": "E1EHPCP",
              "eventType": ""
            },
            {
              "idocField": "ACTUAL_BUSINESS_DATETIME",
              "idocSegment": "E1EHPCP",
              "eventType": ""
            },
            {
              "idocField": "YN_DLV_HDR_ITM_LINE_COUNT",
              "idocSegment": "E1EHPCP",
              "eventType": ""
            },
            {
              "idocField": "YN_DLV_HDR_ITM_NO",
              "idocSegment": "E1EHPCP",
              "eventType": ""
            },
            {
              "idocField": "YN_SO_SCH_ITM_LINE_COUNT",
              "idocSegment": "E1EHPCP",
              "eventType": ""
            },
            {
              "idocField": "YN_SO_SCH_ITM_DLV_DATE",
              "idocSegment": "E1EHPCP",
              "eventType": ""
            },
            {
              "idocField": "YN_SO_SCH_ITM_CONF_QTY",
              "idocSegment": "E1EHPCP",
              "eventType": ""
            },
            {
              "idocField": "YN_SO_SCH_ITM_ORDER_UOM",
              "idocSegment": "E1EHPCP",
              "eventType": ""
            }
          ]
        }
      ]
    },
    {
      "name": "DLV_HEADER",
      "docs": [
        {
          "idoc": "E1EHPAO",
          "fields": [
            {
              "idocField": "YN_DLV_NO",
              "idocSegment": "E1EHPCP",
              "eventType": ""
            },
            {
              "idocField": "YN_DLV_SHIPTO",
              "idocSegment": "E1EHPCP",
              "eventType": ""
            },
            {
              "idocField": "YN_DOCUMENT_DATE",
              "idocSegment": "E1EHPCP",
              "eventType": ""
            },
            {
              "idocField": "YN_DLV_PLAN_DELIVERY_DATE",
              "idocSegment": "E1EHPCP",
              "eventType": ""
            },
            {
              "idocField": "YN_DLV_TOTAL_WEIGHT",
              "idocSegment": "E1EHPCP",
              "eventType": ""
            },
            {
              "idocField": "YN_DLV_NET_WEIGHT",
              "idocSegment": "E1EHPCP",
              "eventType": ""
            },
            {
              "idocField": "YN_DLV_TOTAL_WEIGHT_UOM",
              "idocSegment": "E1EHPCP",
              "eventType": ""
            },
            {
              "idocField": "YN_DLV_VOLUME",
              "idocSegment": "E1EHPCP",
              "eventType": ""
            },
            {
              "idocField": "YN_DLV_VOLUME_UOM",
              "idocSegment": "E1EHPCP",
              "eventType": ""
            },
            {
              "idocField": "YN_DLV_PICK_STATUS",
              "idocSegment": "E1EHPCP",
              "eventType": ""
            },
            {
              "idocField": "YN_DLV_PACK_STATUS",
              "idocSegment": "E1EHPCP",
              "eventType": ""
            },
            {
              "idocField": "YN_DLV_GOODS_ISSUE_STATUS",
              "idocSegment": "E1EHPCP",
              "eventType": ""
            },
            {
              "idocField": "YN_DLV_WAREHOUSE_NO",
              "idocSegment": "E1EHPCP",
              "eventType": ""
            },
            {
              "idocField": "YN_DLV_DOOR_NO",
              "idocSegment": "E1EHPCP",
              "eventType": ""
            },
            {
              "idocField": "YN_DLV_DOOR_TEXT",
              "idocSegment": "E1EHPCP",
              "eventType": ""
            },
            {
              "idocField": "YN_DLV_SHIPPING_POINT",
              "idocSegment": "E1EHPCP",
              "eventType": ""
            },
            {
              "idocField": "YN_DLV_DEPARTURE_LOCATION_TYPE",
              "idocSegment": "E1EHPCP",
              "eventType": ""
            },
            {
              "idocField": "YN_DLV_DEPARTURE_ADDRESS",
              "idocSegment": "E1EHPCP",
              "eventType": ""
            },
            {
              "idocField": "YN_DLV_DEPARTURE_COUNTRY",
              "idocSegment": "E1EHPCP",
              "eventType": ""
            },
            {
              "idocField": "YN_DLV_DESTINATION",
              "idocSegment": "E1EHPCP",
              "eventType": ""
            },
            {
              "idocField": "YN_DLV_DESTINATION_LOCATION_TYPE",
              "idocSegment": "E1EHPCP",
              "eventType": ""
            },
            {
              "idocField": "YN_DLV_DESTINATION_ADDRESS",
              "idocSegment": "E1EHPCP",
              "eventType": ""
            },
            {
              "idocField": "YN_DLV_DESTINATION_COUNTRY",
              "idocSegment": "E1EHPCP",
              "eventType": ""
            },
            {
              "idocField": "YN_DLV_DESTINATION_EMAIL",
              "idocSegment": "E1EHPCP",
              "eventType": ""
            },
            {
              "idocField": "YN_DLV_DESTINATION_TELEPHONE",
              "idocSegment": "E1EHPCP",
              "eventType": ""
            },
            {
              "idocField": "YN_DLV_BILL_OF_LADING",
              "idocSegment": "E1EHPCP",
              "eventType": ""
            },
            {
              "idocField": "YN_DLV_INCOTERMS",
              "idocSegment": "E1EHPCP",
              "eventType": ""
            },
            {
              "idocField": "YN_DLV_INCO_LOCATION",
              "idocSegment": "E1EHPCP",
              "eventType": ""
            },
            {
              "idocField": "YN_DLV_INCO_VERSION",
              "idocSegment": "E1EHPCP",
              "eventType": ""
            },
            {
              "idocField": "ACTUAL_BUSINESS_TIMEZONE",
              "idocSegment": "E1EHPCP",
              "eventType": ""
            },
            {
              "idocField": "ACTUAL_BUSINESS_DATETIME",
              "idocSegment": "E1EHPCP",
              "eventType": ""
            },
            {
              "idocField": "YN_DLV_HDR_ITM_LINE_COUNT",
              "idocSegment": "E1EHPCP",
              "eventType": ""
            },
            {
              "idocField": "YN_DLV_HDR_ITM_NO",
              "idocSegment": "E1EHPCP",
              "eventType": ""
            },
            {
              "idocField": "YN_SHP_LINE_COUNT",
              "idocSegment": "E1EHPCP",
              "eventType": ""
            },
            {
              "idocField": "YN_SHP_NO",
              "idocSegment": "E1EHPCP",
              "eventType": ""
            },
            {
              "idocField": "YN_SHP_FIRST_STOP",
              "idocSegment": "E1EHPCP",
              "eventType": ""
            },
            {
              "idocField": "YN_SHP_LAST_STOP",
              "idocSegment": "E1EHPCP",
              "eventType": ""
            }
          ]
        },
        {
          "idoc": "E1EVMHDR02",
          "events": [
            {
              "type": "GOODS_ISSUE",
              "descr": "Goods Issue"
            },
            {
              "type": "SHP_DEPARTURE",
              "descr": "Departure"
            },
            {
              "type": "SHP_ARRIVAL",
              "descr": "Arrival"
            },
            {
              "type": "SHP_POD",
              "descr": "Proof of Delivery per Shipment"
            }
          ]
        }
      ]
    },
    {
      "name": "DLV_ITEM",
      "docs": [
        {
          "idoc": "E1EHPAO",
          "fields": [
            {
              "idocField": "YN_DLV_NO",
              "idocSegment": "E1EHPCP",
              "eventType": ""
            },
            {
              "idocField": "YN_DLV_ITEM_NO",
              "idocSegment": "E1EHPCP",
              "eventType": ""
            },
            {
              "idocField": "YN_DOCUMENT_DATE",
              "idocSegment": "E1EHPCP",
              "eventType": ""
            },
            {
              "idocField": "YN_MATERIAL_NO",
              "idocSegment": "E1EHPCP",
              "eventType": ""
            },
            {
              "idocField": "YN_MATERIAL_TXT",
              "idocSegment": "E1EHPCP",
              "eventType": ""
            },
            {
              "idocField": "YN_QUANTITY",
              "idocSegment": "E1EHPCP",
              "eventType": ""
            },
            {
              "idocField": "YN_QTY_UNIT",
              "idocSegment": "E1EHPCP",
              "eventType": ""
            },
            {
              "idocField": "YN_EAN_UPC",
              "idocSegment": "E1EHPCP",
              "eventType": ""
            },
            {
              "idocField": "YN_DLV_PLAN_DELIVERY_DATE",
              "idocSegment": "E1EHPCP",
              "eventType": ""
            },
            {
              "idocField": "YN_DLV_GROSS_WEIGHT",
              "idocSegment": "E1EHPCP",
              "eventType": ""
            },
            {
              "idocField": "YN_DLV_GROSS_WEIGHT_UOM",
              "idocSegment": "E1EHPCP",
              "eventType": ""
            },
            {
              "idocField": "YN_DLV_NET_WEIGHT",
              "idocSegment": "E1EHPCP",
              "eventType": ""
            },
            {
              "idocField": "YN_DLV_VOLUME",
              "idocSegment": "E1EHPCP",
              "eventType": ""
            },
            {
              "idocField": "YN_DLV_VOLUME_UOM",
              "idocSegment": "E1EHPCP",
              "eventType": ""
            },
            {
              "idocField": "YN_DLV_DANGEROUS_GOODS",
              "idocSegment": "E1EHPCP",
              "eventType": ""
            },
            {
              "idocField": "YN_DLV_PICK_STATUS",
              "idocSegment": "E1EHPCP",
              "eventType": ""
            },
            {
              "idocField": "YN_DLV_PACK_STATUS",
              "idocSegment": "E1EHPCP",
              "eventType": ""
            },
            {
              "idocField": "YN_DLV_GOODS_ISSUE_STATUS",
              "idocSegment": "E1EHPCP",
              "eventType": ""
            },
            {
              "idocField": "YN_DLV_ASSO_SOITEM_NO",
              "idocSegment": "E1EHPCP",
              "eventType": ""
            },
            {
              "idocField": "YN_DLV_WAREHOUSE_NO",
              "idocSegment": "E1EHPCP",
              "eventType": ""
            },
            {
              "idocField": "YN_DLV_DOOR_NO",
              "idocSegment": "E1EHPCP",
              "eventType": ""
            },
            {
              "idocField": "YN_DLV_DOOR_TEXT",
              "idocSegment": "E1EHPCP",
              "eventType": ""
            },
            {
              "idocField": "YN_DLV_SHIPPING_POINT",
              "idocSegment": "E1EHPCP",
              "eventType": ""
            },
            {
              "idocField": "YN_DLV_DEPARTURE_LOCATION_TYPE",
              "idocSegment": "E1EHPCP",
              "eventType": ""
            },
            {
              "idocField": "YN_DLV_DEPARTURE_ADDRESS",
              "idocSegment": "E1EHPCP",
              "eventType": ""
            },
            {
              "idocField": "YN_DLV_DEPARTURE_COUNTRY",
              "idocSegment": "E1EHPCP",
              "eventType": ""
            },
            {
              "idocField": "YN_DLV_DESTINATION",
              "idocSegment": "E1EHPCP",
              "eventType": ""
            },
            {
              "idocField": "YN_DLV_DESTINATION_LOCATION_TYPE",
              "idocSegment": "E1EHPCP",
              "eventType": ""
            },
            {
              "idocField": "YN_DLV_DESTINATION_ADDRESS",
              "idocSegment": "E1EHPCP",
              "eventType": ""
            },
            {
              "idocField": "YN_DLV_DESTINATION_COUNTRY",
              "idocSegment": "E1EHPCP",
              "eventType": ""
            },
            {
              "idocField": "YN_DLV_DESTINATION_EMAIL",
              "idocSegment": "E1EHPCP",
              "eventType": ""
            },
            {
              "idocField": "YN_DLV_DESTINATION_TELEPHONE",
              "idocSegment": "E1EHPCP",
              "eventType": ""
            },
            {
              "idocField": "YN_DLV_BILL_OF_LADING",
              "idocSegment": "E1EHPCP",
              "eventType": ""
            },
            {
              "idocField": "YN_DLV_INCOTERMS",
              "idocSegment": "E1EHPCP",
              "eventType": ""
            },
            {
              "idocField": "YN_DLV_INCO_LOCATION",
              "idocSegment": "E1EHPCP",
              "eventType": ""
            },
            {
              "idocField": "YN_DLV_INCO_VERSION",
              "idocSegment": "E1EHPCP",
              "eventType": ""
            },
            {
              "idocField": "ACTUAL_BUSINESS_TIMEZONE",
              "idocSegment": "E1EHPCP",
              "eventType": ""
            },
            {
              "idocField": "ACTUAL_BUSINESS_DATETIME",
              "idocSegment": "E1EHPCP",
              "eventType": ""
            }
          ]
        },
        {
          "idoc": "E1EVMHDR02",
          "events": [
            {
              "type": "PICKING",
              "descr": "Picking"
            },
            {
              "type": "PACKING",
              "descr": "Packing"
            },
            {
              "type": "POD",
              "descr": "Proof of Delivery"
            },
            {
              "type": "GOODS_ISSUE",
              "descr": "Goods Issue"
            },
            {
              "type": "SHP_DEPARTURE",
              "descr": "Departure"
            },
            {
              "type": "SHP_ARRIVAL",
              "descr": "Arrival"
            }
          ],
          "fields": [
            {
              "idocField": "QUANTITY",
              "idocSegment": "E1EVMPAR",
              "eventType": "PICKING"
            },
            {
              "idocField": "QUANTITY",
              "idocSegment": "E1EVMPAR",
              "eventType": "PACKING"
            }
          ]
        }
      ]
    },
    {
      "name": "SHIP_HEADER",
      "docs": [
        {
          "idoc": "E1EHPAO",
          "fields": [
            {
              "idocField": "YN_SHP_NO",
              "idocSegment": "E1EHPCP",
              "eventType": ""
            },
            {
              "idocField": "YN_SHP_SA_LBN_ID",
              "idocSegment": "E1EHPCP",
              "eventType": ""
            },
            {
              "idocField": "YN_SHP_CONTAIN_DGOODS",
              "idocSegment": "E1EHPCP",
              "eventType": ""
            },
            {
              "idocField": "YN_SHP_FA_TRACKING_ID",
              "idocSegment": "E1EHPCP",
              "eventType": ""
            },
            {
              "idocField": "YN_SHP_SHIPPING_TYPE",
              "idocSegment": "E1EHPCP",
              "eventType": ""
            },
            {
              "idocField": "YN_SHP_TRANSPORTATION_MODE",
              "idocSegment": "E1EHPCP",
              "eventType": ""
            },
            {
              "idocField": "ACTUAL_BUSINESS_TIMEZONE",
              "idocSegment": "E1EHPCP",
              "eventType": ""
            },
            {
              "idocField": "ACTUAL_BUSINESS_DATETIME",
              "idocSegment": "E1EHPCP",
              "eventType": ""
            },
            {
              "idocField": "YN_SHP_HDR_DLV_LINE_COUNT",
              "idocSegment": "E1EHPCP",
              "eventType": ""
            },
            {
              "idocField": "YN_SHP_HDR_DLV_NO",
              "idocSegment": "E1EHPCP",
              "eventType": ""
            },
            {
              "idocField": "YN_SHP_TRACKED_RESOURCE_ID",
              "idocSegment": "E1EHPCP",
              "eventType": ""
            },
            {
              "idocField": "YN_SHP_TRACKED_RESOURCE_VALUE",
              "idocSegment": "E1EHPCP",
              "eventType": ""
            },
            {
              "idocField": "YN_SHP_RESOURCE_TP_LINE_COUNT",
              "idocSegment": "E1EHPCP",
              "eventType": ""
            },
            {
              "idocField": "YN_SHP_RESOURCE_TP_ID",
              "idocSegment": "E1EHPCP",
              "eventType": ""
            },
            {
              "idocField": "YN_SHP_CARRIER_REF_TYPE",
              "idocSegment": "E1EHPCP",
              "eventType": ""
            },
            {
              "idocField": "YN_SHP_CARRIER_REF_VALUE",
              "idocSegment": "E1EHPCP",
              "eventType": ""
            },
            {
              "idocField": "YN_SHP_LINE_COUNT",
              "idocSegment": "E1EHPCP",
              "eventType": ""
            },
            {
              "idocField": "YN_SHP_STOP_ID",
              "idocSegment": "E1EHPCP",
              "eventType": ""
            },
            {
              "idocField": "YN_SHP_ORDINAL_NO",
              "idocSegment": "E1EHPCP",
              "eventType": ""
            },
            {
              "idocField": "YN_SHP_LOC_CATEGORY",
              "idocSegment": "E1EHPCP",
              "eventType": ""
            },
            {
              "idocField": "YN_SHP_LOC_TYPE",
              "idocSegment": "E1EHPCP",
              "eventType": ""
            },
            {
              "idocField": "YN_SHP_LOC_ID",
              "idocSegment": "E1EHPCP",
              "eventType": ""
            },
            {
              "idocField": "YN_SHP_LOADING_POINT",
              "idocSegment": "E1EHPCP",
              "eventType": ""
            },
            {
              "idocField": "YN_SHP_UNLOADING_POINT",
              "idocSegment": "E1EHPCP",
              "eventType": ""
            },
            {
              "idocField": "YN_SHP_STORAGE_LOCATION",
              "idocSegment": "E1EHPCP",
              "eventType": ""
            },
            {
              "idocField": "YN_SHP_WAREHOUSE_NO",
              "idocSegment": "E1EHPCP",
              "eventType": ""
            },
            {
              "idocField": "YN_SHP_GATE_NO",
              "idocSegment": "E1EHPCP",
              "eventType": ""
            },
            {
              "idocField": "YN_SHP_GATE_TEXT",
              "idocSegment": "E1EHPCP",
              "eventType": ""
            },
            {
              "idocField": "YN_SHP_STAGE_SEQUENCE",
              "idocSegment": "E1EHPCP",
              "eventType": ""
            },
            {
              "idocField": "YN_SHP_STOP_PLAN_DATETIME",
              "idocSegment": "E1EHPCP",
              "eventType": ""
            },
            {
              "idocField": "YN_SHP_STOP_PLAN_TIMEZONE",
              "idocSegment": "E1EHPCP",
              "eventType": ""
            },
            {
              "idocField": "YN_SHP_VP_STOP_ID",
              "idocSegment": "E1EHPCP",
              "eventType": ""
            },
            {
              "idocField": "YN_SHP_VP_STOP_ORD_NO",
              "idocSegment": "E1EHPCP",
              "eventType": ""
            },
            {
              "idocField": "YN_SHP_VP_STOP_LOC_TYPE",
              "idocSegment": "E1EHPCP",
              "eventType": ""
            },
            {
              "idocField": "YN_SHP_VP_STOP_LOC_ID",
              "idocSegment": "E1EHPCP",
              "eventType": ""
            }
          ]
        },
        {
          "idoc": "E1EVMHDR02",
          "events": [
            {
              "type": "CHECK_IN",
              "descr": "Check In"
            },
            {
              "type": "LOAD_START",
              "descr": "Loading Start"
            },
            {
              "type": "LOAD_END",
              "descr": "Loading End"
            },
            {
              "type": "SHP_DEPARTURE",
              "descr": "Departure"
            },
            {
              "type": "SHP_ARRIVAL",
              "descr": "Arrival"
            },
            {
              "type": "SHP_POD",
              "descr": "Proof of Delivery per Shipment"
            }
          ]
        }
      ]
    },
    {
      "name": "PO_ITEM",
      "docs": [
        {
          "idoc": "E1EHPAO",
          "fields": [
            {
              "idocField": "PO_NO",
              "idocSegment": "E1EHPTID",
              "eventType": ""
            },
            {
              "idocField": "PO_TECH",
              "idocSegment": "E1EHPTID",
              "eventType": ""
            },
            {
              "idocField": "PO_ITEM_CATEGORY",
              "idocSegment": "E1EHPCP",
              "eventType": ""
            },
            {
              "idocField": "PO_ITEM_QTY",
              "idocSegment": "E1EHPCP",
              "eventType": ""
            },
            {
              "idocField": "PO_ITEM_DELETION_IND",
              "idocSegment": "E1EHPCP",
              "eventType": ""
            },
            {
              "idocField": "REQUISIT_EMAIL",
              "idocSegment": "E1EHPCP",
              "eventType": ""
            },
            {
              "idocField": "PO_NO",
              "idocSegment": "E1EHPCP",
              "eventType": ""
            },
            {
              "idocField": "VENDOR",
              "idocSegment": "E1EHPCP",
              "eventType": ""
            },
            {
              "idocField": "PO_DOC_DATE",
              "idocSegment": "E1EHPCP",
              "eventType": ""
            },
            {
              "idocField": "PO_REFERENCE",
              "idocSegment": "E1EHPCP",
              "eventType": ""
            },
            {
              "idocField": "BUYER_EMAIL",
              "idocSegment": "E1EHPCP",
              "eventType": ""
            },
            {
              "idocField": "VENDOR_EMAIL",
              "idocSegment": "E1EHPCP",
              "eventType": ""
            },
            {
              "idocField": "PO_LATEST_DLV_DATE",
              "idocSegment": "E1EHPCP",
              "eventType": ""
            },
            {
              "idocField": "MATERIAL",
              "idocSegment": "E1EHPCP",
              "eventType": ""
            },
            {
              "idocField": "MATERIAL_TEXT",
              "idocSegment": "E1EHPCP",
              "eventType": ""
            },
            {
              "idocField": "MRP_CONTROLLER",
              "idocSegment": "E1EHPCP",
              "eventType": ""
            },
            {
              "idocField": "PURCHASE_NET_PRICE",
              "idocSegment": "E1EHPCP",
              "eventType": ""
            },
            {
              "idocField": "REQ_TRACK_NO",
              "idocSegment": "E1EHPCP",
              "eventType": ""
            },
            {
              "idocField": "PURCHASE_REQ",
              "idocSegment": "E1EHPCP",
              "eventType": ""
            },
            {
              "idocField": "PURCHASE_REQ_ITEM",
              "idocSegment": "E1EHPCP",
              "eventType": ""
            },
            {
              "idocField": "PURCHASE_REQUESTIONER",
              "idocSegment": "E1EHPCP",
              "eventType": ""
            },
            {
              "idocField": "STORAGE_LOC_NAME",
              "idocSegment": "E1EHPCP",
              "eventType": ""
            },
            {
              "idocField": "STORAGE_LOC_STREET",
              "idocSegment": "E1EHPCP",
              "eventType": ""
            },
            {
              "idocField": "STORAGE_LOC_CITY",
              "idocSegment": "E1EHPCP",
              "eventType": ""
            },
            {
              "idocField": "STORAGE_LOC_COUNTRY",
              "idocSegment": "E1EHPCP",
              "eventType": ""
            },
            {
              "idocField": "STORAGE_LOC_COUNTRY_NAME",
              "idocSegment": "E1EHPCP",
              "eventType": ""
            },
            {
              "idocField": "STORAGE_LOC_REGION",
              "idocSegment": "E1EHPCP",
              "eventType": ""
            },
            {
              "idocField": "STORAGE_LOC_REGION_NAME",
              "idocSegment": "E1EHPCP",
              "eventType": ""
            },
            {
              "idocField": "PO_PROCESS_STATUS",
              "idocSegment": "E1EHPCP",
              "eventType": ""
            },
            {
              "idocField": "PURCHASE_ORG",
              "idocSegment": "E1EHPCP",
              "eventType": ""
            },
            {
              "idocField": "PURCHASE_GROUP",
              "idocSegment": "E1EHPCP",
              "eventType": ""
            },
            {
              "idocField": "VENDOR_NAME",
              "idocSegment": "E1EHPCP",
              "eventType": ""
            },
            {
              "idocField": "VENDOR_STREET",
              "idocSegment": "E1EHPCP",
              "eventType": ""
            },
            {
              "idocField": "VENDOR_CITY",
              "idocSegment": "E1EHPCP",
              "eventType": ""
            },
            {
              "idocField": "VENDOR_COUNTRY",
              "idocSegment": "E1EHPCP",
              "eventType": ""
            },
            {
              "idocField": "VENDOR_COUNTRY_NAME",
              "idocSegment": "E1EHPCP",
              "eventType": ""
            },
            {
              "idocField": "VENDOR_REGION",
              "idocSegment": "E1EHPCP",
              "eventType": ""
            },
            {
              "idocField": "VENDOR_REGION_NAME",
              "idocSegment": "E1EHPCP",
              "eventType": ""
            },
            {
              "idocField": "PR_PROCESS_STATUS",
              "idocSegment": "E1EHPCP",
              "eventType": ""
            },
            {
              "idocField": "SHIP_CONDITION",
              "idocSegment": "E1EHPCP",
              "eventType": ""
            }
          ]
        }
      ]
    }
  ]
}
