{
  "name": "EventCodeDescriptions",
  "values": [
    {
      "code": "DEPARTURE",
      "name": "Departure",
      "translation": {
        "name": {
          "textType": "NAME",
          "translation": {
            "zh_CN": "启运",
            "de": "Abfahrt"
          }
        }
      }
    },
    {
      "code": "ARRIV_DEST",
      "name": "Arrival",
      "translation": {
        "name": {
          "textType": "NAME",
          "translation": {
            "zh_CN": "运达",
            "de": "Ankunft"
          }
        }
      }
    }
  ]
}
