{
  "value":[
    {
      "name": "standardtfo",
      "namespace": "com.sap.gtt.standardtfo",
      "modelCategory": "STANDARD",
      "descr": "Track Freight Orders",
      "version": "1.0.0",
      "draftStatus": "DRAFT",
      "originalStatus": "DRAFT",
      "modifiedAt": "2020-05-01T00:00:00.000Z",
      "modifiedBy": "somebody1@example.com"
    },
    {
      "name": "tfo",
      "namespace": "com.sap.gtt.tfo",
      "modelCategory": "USER",
      "descr": "Track Freight Orders",
      "version": "1.0.0",
      "draftStatus": "DRAFT",
      "originalStatus": "DRAFT",
      "lastAction": "DEPLOY",
      "lastActionResult": "WARNING",
      "modifiedAt": "2020-05-01T00:00:00.000Z",
      "modifiedBy": "somebody1@example.com"
    },
    {
      "name": "mim",
      "namespace": "com.sap.gtt.mim",
      "modelCategory": "USER",
      "descr": "Monitor Inbound Materials",
      "version": "1.0.0",
      "status": "INACTIVE",
      "draftStatus": "DEPLOYED",
      "lastAction": "DEPLOY",
      "lastActionResult": "SUCCESS",
      "originalStatus": "DEPLOYED",
      "modifiedAt": "2020-05-03T00:00:00.000Z",
      "modifiedBy": "somebody2@example.com"
    },
    {
      "name": "so",
      "namespace": "com.sap.gtt.so",
      "modelCategory": "USER",
      "descr": "Sales Orders",
      "version": "1.0.0",
      "status": "ACTIVE",
      "draftStatus": "BEING_DEPLOYED",
      "lastAction": "DEPLOY",
      "lastActionResult": "INFO",
      "originalStatus": "DRAFT",
      "modifiedAt": "2020-05-05T00:00:00.000Z",
      "modifiedBy": "somebody3@example.com"
    },
    {
      "name": "sof",
      "namespace": "com.sap.gtt.sof",
      "modelCategory": "USER",
      "descr": "Sales Order Fufillment",
      "version": "1.0.0",
      "status": "ACTIVE",
      "draftStatus": "BEING_DEPLOYED",
      "originalStatus": "DRAFT",
      "lastAction": "DEPLOY",
      "lastActionResult": "TECHNICAL_ERROR",
      "modifiedAt": "2020-05-01T00:00:00.000Z",
      "modifiedBy": "somebody1@example.com"
    },
    {
      "name": "pof",
      "namespace": "com.sap.gtt.pof",
      "modelCategory": "USER",
      "descr": "Purchase Order Fufillment",
      "version": "1.0.0",
      "status": "INACTIVE",
      "draftStatus": "DRAFT",
      "originalStatus": "DRAFT",
      "lastAction": "DEPLOY",
      "lastActionResult": "VALIDATION_ERROR",
      "modifiedAt": "2020-05-03T00:00:00.000Z",
      "modifiedBy": "somebody2@example.com"
    },
    {
      "name": "pof2",
      "namespace": "com.sap.gtt.pof2",
      "modelCategory": "USER",
      "descr": "Purchase Order Fufillment2",
      "version": "1.0.0",
      "status": "INACTIVE",
      "draftStatus": "BEING_DELETED",
      "originalStatus": "DRAFT",
      "lastAction": "DELETE",
      "lastActionResult": "INFO",
      "modifiedAt": "2020-05-03T00:00:00.000Z",
      "modifiedBy": "somebody2@example.com"
    },
    {
      "name": "pof3",
      "namespace": "com.sap.gtt.pof3",
      "modelCategory": "USER",
      "descr": "Purchase Order Fufillment3",
      "version": "1.0.0",
      "status": "INACTIVE",
      "draftStatus": "BEING_DELETED",
      "originalStatus": "DEPLOYED",
      "lastAction": "DELETE",
      "lastActionResult": "TECHNICAL_ERROR",
      "modifiedAt": "2020-05-03T00:00:00.000Z",
      "modifiedBy": "somebody2@example.com"
    }
  ]
}
