{
  "openapi": "3.0.0",
  "info": { "version": "", "title": "com.gttsampleso01.gtt.app.rogertest.rogertestWriteService" },
  "paths": {
    "/com.gttsampleso01.gtt.app.rogertest.rogertestWriteService/GTTDelayedEvent": {
      "post": {
        "summary": "",
        "operationId": "",
        "tags": ["GTTDelayedEvent"],
        "responses": {
          "200": {
            "description": "Expected response to a valid request",
            "content": { "application/json": { "schema": { "type": "string" } } }
          },
          "default": {
            "description": "unexpected error",
            "content": {
              "application/json": { "schema": { "$ref": "#/components/schemas/Error" } }
            }
          }
        },
        "requestBody": {
          "description": "",
          "required": true,
          "content": {
            "application/json": { "schema": { "$ref": "#/components/schemas/GTTDelayedEvent" } }
          }
        }
      }
    },
    "/com.gttsampleso01.gtt.app.rogertest.rogertestWriteService/GTTOnTimeEvent": {
      "post": {
        "summary": "",
        "operationId": "",
        "tags": ["GTTOnTimeEvent"],
        "responses": {
          "200": {
            "description": "Expected response to a valid request",
            "content": { "application/json": { "schema": { "type": "string" } } }
          },
          "default": {
            "description": "unexpected error",
            "content": {
              "application/json": { "schema": { "$ref": "#/components/schemas/Error" } }
            }
          }
        },
        "requestBody": {
          "description": "",
          "required": true,
          "content": {
            "application/json": { "schema": { "$ref": "#/components/schemas/GTTOnTimeEvent" } }
          }
        }
      }
    },
    "/com.gttsampleso01.gtt.app.rogertest.rogertestWriteService/GTTUpdatePlanEvent": {
      "post": {
        "summary": "",
        "operationId": "",
        "tags": ["GTTUpdatePlanEvent"],
        "responses": {
          "200": {
            "description": "Expected response to a valid request",
            "content": { "application/json": { "schema": { "type": "string" } } }
          },
          "default": {
            "description": "unexpected error",
            "content": {
              "application/json": { "schema": { "$ref": "#/components/schemas/Error" } }
            }
          }
        },
        "requestBody": {
          "description": "",
          "required": true,
          "content": {
            "application/json": { "schema": { "$ref": "#/components/schemas/GTTUpdatePlanEvent" } }
          }
        }
      }
    },
    "/com.gttsampleso01.gtt.app.rogertest.rogertestWriteService/GTTDeletionEvent": {
      "post": {
        "summary": "",
        "operationId": "",
        "tags": ["GTTDeletionEvent"],
        "responses": {
          "200": {
            "description": "Expected response to a valid request",
            "content": { "application/json": { "schema": { "type": "string" } } }
          },
          "default": {
            "description": "unexpected error",
            "content": {
              "application/json": { "schema": { "$ref": "#/components/schemas/Error" } }
            }
          }
        },
        "requestBody": {
          "description": "",
          "required": true,
          "content": {
            "application/json": { "schema": { "$ref": "#/components/schemas/GTTDeletionEvent" } }
          }
        }
      }
    },
    "/com.gttsampleso01.gtt.app.rogertest.rogertestWriteService/GTTDPPBlockingEvent": {
      "post": {
        "summary": "",
        "operationId": "",
        "tags": ["GTTDPPBlockingEvent"],
        "responses": {
          "200": {
            "description": "Expected response to a valid request",
            "content": { "application/json": { "schema": { "type": "string" } } }
          },
          "default": {
            "description": "unexpected error",
            "content": {
              "application/json": { "schema": { "$ref": "#/components/schemas/Error" } }
            }
          }
        },
        "requestBody": {
          "description": "",
          "required": true,
          "content": {
            "application/json": { "schema": { "$ref": "#/components/schemas/GTTDPPBlockingEvent" } }
          }
        }
      }
    },
    "/com.gttsampleso01.gtt.app.rogertest.rogertestWriteService/GTTDPPDeletionEvent": {
      "post": {
        "summary": "",
        "operationId": "",
        "tags": ["GTTDPPDeletionEvent"],
        "responses": {
          "200": {
            "description": "Expected response to a valid request",
            "content": { "application/json": { "schema": { "type": "string" } } }
          },
          "default": {
            "description": "unexpected error",
            "content": {
              "application/json": { "schema": { "$ref": "#/components/schemas/Error" } }
            }
          }
        },
        "requestBody": {
          "description": "",
          "required": true,
          "content": {
            "application/json": { "schema": { "$ref": "#/components/schemas/GTTDPPDeletionEvent" } }
          }
        }
      }
    },
    "/com.gttsampleso01.gtt.app.rogertest.rogertestWriteService/SalesOrderEvent": {
      "post": {
        "summary": "",
        "operationId": "",
        "tags": ["SalesOrderEvent"],
        "responses": {
          "200": {
            "description": "Expected response to a valid request",
            "content": { "application/json": { "schema": { "type": "string" } } }
          },
          "default": {
            "description": "unexpected error",
            "content": {
              "application/json": { "schema": { "$ref": "#/components/schemas/Error" } }
            }
          }
        },
        "requestBody": {
          "description": "",
          "required": true,
          "content": {
            "application/json": { "schema": { "$ref": "#/components/schemas/SalesOrderEvent" } }
          }
        }
      }
    }
  },
  "components": {
    "schemas": {
      "PlannedEvent": {
        "required": ["eventType"],
        "properties": {
          "eventType": { "maxLength": 255, "type": "string" },
          "locationAltKey": { "maxLength": 255, "type": "string" },
          "eventMatchKey": { "maxLength": 255, "type": "string" },
          "longitude": {
            "multipleOf": 1e-9,
            "maximum": 999.999999999,
            "minimum": -999.999999999,
            "type": "number",
            "format": "decimal"
          },
          "latitude": {
            "multipleOf": 1e-9,
            "maximum": 999.999999999,
            "minimum": -999.999999999,
            "type": "number",
            "format": "decimal"
          },
          "isFinalPlannedEvent": { "type": "boolean" },
          "plannedTechnicalTimestamp": { "type": "string", "format": "timestamp" },
          "plannedTechTsEarliest": { "type": "string", "format": "timestamp" },
          "plannedTechTsLatest": { "type": "string", "format": "timestamp" },
          "plannedBusinessTimestamp": { "type": "string", "format": "timestamp" },
          "plannedBizTsEarliest": { "type": "string", "format": "timestamp" },
          "plannedBizTsLatest": { "type": "string", "format": "timestamp" },
          "plannedBusinessTimeZone": { "maxLength": 50, "type": "string" }
        }
      },
      "Error": {
        "required": ["code", "message"],
        "properties": {
          "code": { "type": "integer", "format": "int32" },
          "message": { "type": "string" }
        }
      },
      "Reference": {
        "required": ["referenceType_code", "altKey", "action_code"],
        "properties": {
          "referenceType_code": { "enum": ["TRACKING"], "maxLength": 50, "type": "string" },
          "altKey": { "maxLength": 255, "type": "string" },
          "validFrom": { "type": "string", "format": "timestamp" },
          "validTo": { "type": "string", "format": "timestamp" },
          "action_code": { "enum": ["ADD", "DELETE"], "maxLength": 50, "type": "string" }
        }
      },
      "GTTDelayedEvent": {
        "required": ["altKey", "actualBusinessTimestamp"],
        "properties": {
          "eventReasonText": { "maxLength": 255, "type": "string" },
          "eventReasonCode": { "maxLength": 255, "type": "string" },
          "senderPartyId": { "maxLength": 50, "type": "string" },
          "reportedBy": { "maxLength": 255, "type": "string" },
          "altKey": { "maxLength": 255, "type": "string" },
          "locationAltKey": { "maxLength": 255, "type": "string" },
          "eventMatchKey": { "maxLength": 255, "type": "string" },
          "priority": { "type": "integer", "format": "int32" },
          "references": { "type": "array", "items": { "$ref": "#/components/schemas/Reference" } },
          "actualTechnicalTimestamp": { "type": "string", "format": "timestamp" },
          "actualBusinessTimestamp": { "type": "string", "format": "timestamp" },
          "actualBusinessTimeZone": { "maxLength": 50, "type": "string" },
          "longitude": {
            "multipleOf": 1e-9,
            "maximum": 999.999999999,
            "minimum": -999.999999999,
            "type": "number",
            "format": "decimal"
          },
          "latitude": {
            "multipleOf": 1e-9,
            "maximum": 999.999999999,
            "minimum": -999.999999999,
            "type": "number",
            "format": "decimal"
          },
          "refPlannedEventType": { "maxLength": 255, "type": "string" },
          "refPlannedEventMatchKey": { "maxLength": 255, "type": "string" },
          "refPlannedEventLocationAltKey": { "maxLength": 255, "type": "string" }
        }
      },
      "GTTOnTimeEvent": {
        "required": ["altKey", "actualBusinessTimestamp"],
        "properties": {
          "eventReasonText": { "maxLength": 255, "type": "string" },
          "eventReasonCode": { "maxLength": 255, "type": "string" },
          "senderPartyId": { "maxLength": 50, "type": "string" },
          "reportedBy": { "maxLength": 255, "type": "string" },
          "altKey": { "maxLength": 255, "type": "string" },
          "locationAltKey": { "maxLength": 255, "type": "string" },
          "eventMatchKey": { "maxLength": 255, "type": "string" },
          "priority": { "type": "integer", "format": "int32" },
          "references": { "type": "array", "items": { "$ref": "#/components/schemas/Reference" } },
          "actualTechnicalTimestamp": { "type": "string", "format": "timestamp" },
          "actualBusinessTimestamp": { "type": "string", "format": "timestamp" },
          "actualBusinessTimeZone": { "maxLength": 50, "type": "string" },
          "longitude": {
            "multipleOf": 1e-9,
            "maximum": 999.999999999,
            "minimum": -999.999999999,
            "type": "number",
            "format": "decimal"
          },
          "latitude": {
            "multipleOf": 1e-9,
            "maximum": 999.999999999,
            "minimum": -999.999999999,
            "type": "number",
            "format": "decimal"
          },
          "refPlannedEventType": { "maxLength": 255, "type": "string" },
          "refPlannedEventMatchKey": { "maxLength": 255, "type": "string" },
          "refPlannedEventLocationAltKey": { "maxLength": 255, "type": "string" }
        }
      },
      "PlannedEventForUpdatePlanEvent": {
        "required": ["eventType", "action_code"],
        "properties": {
          "eventType": { "maxLength": 255, "type": "string" },
          "locationAltKey": { "maxLength": 255, "type": "string" },
          "eventMatchKey": { "maxLength": 255, "type": "string" },
          "longitude": {
            "multipleOf": 1e-9,
            "maximum": 999.999999999,
            "minimum": -999.999999999,
            "type": "number",
            "format": "decimal"
          },
          "latitude": {
            "multipleOf": 1e-9,
            "maximum": 999.999999999,
            "minimum": -999.999999999,
            "type": "number",
            "format": "decimal"
          },
          "isFinalPlannedEvent": { "type": "boolean" },
          "plannedTechnicalTimestamp": { "type": "string", "format": "timestamp" },
          "plannedTechTsEarliest": { "type": "string", "format": "timestamp" },
          "plannedTechTsLatest": { "type": "string", "format": "timestamp" },
          "plannedBusinessTimestamp": { "type": "string", "format": "timestamp" },
          "plannedBizTsEarliest": { "type": "string", "format": "timestamp" },
          "plannedBizTsLatest": { "type": "string", "format": "timestamp" },
          "plannedBusinessTimeZone": { "maxLength": 50, "type": "string" },
          "action_code": { "enum": ["ADD", "DELETE", "RESET"], "maxLength": 50, "type": "string" }
        }
      },
      "GTTUpdatePlanEvent": {
        "required": ["altKey", "actualBusinessTimestamp"],
        "properties": {
          "eventReasonText": { "maxLength": 255, "type": "string" },
          "eventReasonCode": { "maxLength": 255, "type": "string" },
          "senderPartyId": { "maxLength": 50, "type": "string" },
          "reportedBy": { "maxLength": 255, "type": "string" },
          "altKey": { "maxLength": 255, "type": "string" },
          "locationAltKey": { "maxLength": 255, "type": "string" },
          "eventMatchKey": { "maxLength": 255, "type": "string" },
          "priority": { "type": "integer", "format": "int32" },
          "references": { "type": "array", "items": { "$ref": "#/components/schemas/Reference" } },
          "actualTechnicalTimestamp": { "type": "string", "format": "timestamp" },
          "actualBusinessTimestamp": { "type": "string", "format": "timestamp" },
          "actualBusinessTimeZone": { "maxLength": 50, "type": "string" },
          "longitude": {
            "multipleOf": 1e-9,
            "maximum": 999.999999999,
            "minimum": -999.999999999,
            "type": "number",
            "format": "decimal"
          },
          "latitude": {
            "multipleOf": 1e-9,
            "maximum": 999.999999999,
            "minimum": -999.999999999,
            "type": "number",
            "format": "decimal"
          },
          "plannedEvents": {
            "type": "array",
            "items": { "$ref": "#/components/schemas/PlannedEventForUpdatePlanEvent" }
          }
        }
      },
      "GTTDeletionEvent": {
        "required": ["altKey", "actualBusinessTimestamp"],
        "properties": {
          "eventReasonText": { "maxLength": 255, "type": "string" },
          "eventReasonCode": { "maxLength": 255, "type": "string" },
          "senderPartyId": { "maxLength": 50, "type": "string" },
          "reportedBy": { "maxLength": 255, "type": "string" },
          "altKey": { "maxLength": 255, "type": "string" },
          "locationAltKey": { "maxLength": 255, "type": "string" },
          "eventMatchKey": { "maxLength": 255, "type": "string" },
          "priority": { "type": "integer", "format": "int32" },
          "references": { "type": "array", "items": { "$ref": "#/components/schemas/Reference" } },
          "actualTechnicalTimestamp": { "type": "string", "format": "timestamp" },
          "actualBusinessTimestamp": { "type": "string", "format": "timestamp" },
          "actualBusinessTimeZone": { "maxLength": 50, "type": "string" },
          "longitude": {
            "multipleOf": 1e-9,
            "maximum": 999.999999999,
            "minimum": -999.999999999,
            "type": "number",
            "format": "decimal"
          },
          "latitude": {
            "multipleOf": 1e-9,
            "maximum": 999.999999999,
            "minimum": -999.999999999,
            "type": "number",
            "format": "decimal"
          }
        }
      },
      "GTTDPPBlockingEvent": {
        "required": ["altKey", "actualBusinessTimestamp"],
        "properties": {
          "eventReasonText": { "maxLength": 255, "type": "string" },
          "eventReasonCode": { "maxLength": 255, "type": "string" },
          "senderPartyId": { "maxLength": 50, "type": "string" },
          "reportedBy": { "maxLength": 255, "type": "string" },
          "altKey": { "maxLength": 255, "type": "string" },
          "locationAltKey": { "maxLength": 255, "type": "string" },
          "eventMatchKey": { "maxLength": 255, "type": "string" },
          "priority": { "type": "integer", "format": "int32" },
          "references": { "type": "array", "items": { "$ref": "#/components/schemas/Reference" } },
          "actualTechnicalTimestamp": { "type": "string", "format": "timestamp" },
          "actualBusinessTimestamp": { "type": "string", "format": "timestamp" },
          "actualBusinessTimeZone": { "maxLength": 50, "type": "string" },
          "longitude": {
            "multipleOf": 1e-9,
            "maximum": 999.999999999,
            "minimum": -999.999999999,
            "type": "number",
            "format": "decimal"
          },
          "latitude": {
            "multipleOf": 1e-9,
            "maximum": 999.999999999,
            "minimum": -999.999999999,
            "type": "number",
            "format": "decimal"
          }
        }
      },
      "GTTDPPDeletionEvent": {
        "required": ["altKey", "actualBusinessTimestamp"],
        "properties": {
          "eventReasonText": { "maxLength": 255, "type": "string" },
          "eventReasonCode": { "maxLength": 255, "type": "string" },
          "senderPartyId": { "maxLength": 50, "type": "string" },
          "reportedBy": { "maxLength": 255, "type": "string" },
          "altKey": { "maxLength": 255, "type": "string" },
          "locationAltKey": { "maxLength": 255, "type": "string" },
          "eventMatchKey": { "maxLength": 255, "type": "string" },
          "priority": { "type": "integer", "format": "int32" },
          "references": { "type": "array", "items": { "$ref": "#/components/schemas/Reference" } },
          "actualTechnicalTimestamp": { "type": "string", "format": "timestamp" },
          "actualBusinessTimestamp": { "type": "string", "format": "timestamp" },
          "actualBusinessTimeZone": { "maxLength": 50, "type": "string" },
          "longitude": {
            "multipleOf": 1e-9,
            "maximum": 999.999999999,
            "minimum": -999.999999999,
            "type": "number",
            "format": "decimal"
          },
          "latitude": {
            "multipleOf": 1e-9,
            "maximum": 999.999999999,
            "minimum": -999.999999999,
            "type": "number",
            "format": "decimal"
          }
        }
      },
      "SalesOrderEvent": {
        "required": ["altKey", "actualBusinessTimestamp"],
        "properties": {
          "eventReasonText": { "maxLength": 255, "type": "string" },
          "eventReasonCode": { "maxLength": 255, "type": "string" },
          "senderPartyId": { "maxLength": 50, "type": "string" },
          "reportedBy": { "maxLength": 255, "type": "string" },
          "altKey": { "maxLength": 255, "type": "string" },
          "locationAltKey": { "maxLength": 255, "type": "string" },
          "eventMatchKey": { "maxLength": 255, "type": "string" },
          "priority": { "type": "integer", "format": "int32" },
          "references": { "type": "array", "items": { "$ref": "#/components/schemas/Reference" } },
          "actualTechnicalTimestamp": { "type": "string", "format": "timestamp" },
          "actualBusinessTimestamp": { "type": "string", "format": "timestamp" },
          "actualBusinessTimeZone": { "maxLength": 50, "type": "string" },
          "longitude": {
            "multipleOf": 1e-9,
            "maximum": 999.999999999,
            "minimum": -999.999999999,
            "type": "number",
            "format": "decimal"
          },
          "latitude": {
            "multipleOf": 1e-9,
            "maximum": 999.999999999,
            "minimum": -999.999999999,
            "type": "number",
            "format": "decimal"
          },
          "plannedEvents": {
            "type": "array",
            "items": { "$ref": "#/components/schemas/PlannedEvent" }
          }
        }
      }
    }
  }
}
