{
  "lbnEventType": {
    "fields": [
      {
        "eventType": "DEPARTURE",
        "descr": "Departure"
      },
      {
        "eventType": "ARRIV_DEST",
        "descr": "Arrival"
      },
      {
        "eventType": "LOAD_BEGIN",
        "descr": "Loading Start"
      },
      {
        "eventType": "LOAD_END",
        "descr": "Loading End"
      },
      {
        "eventType": "UNLOAD_BEGIN",
        "descr": "Unloading Start"
      },
      {
        "eventType": "UNLOAD_END",
        "descr": "Unloading End"
      },
      {
        "eventType": "COUPLING",
        "descr": "Coupling"
      },
      {
        "eventType": "DECOUPLING",
        "descr": "Decoupling"
      },
      {
        "eventType": "POPU",
        "descr": "Proof of Pick-Up"
      },
      {
        "eventType": "POD",
        "descr": "Proof of Delivery"
      },
      {
        "eventType": "DELAYED",
        "descr": "Delay"
      },
      {
        "eventType": "GEOLOC",
        "descr": "Geo Location Update"
      },
      {
        "eventType": "RECEIVE",
        "descr": "Receive"
      },
      {
        "eventType": "STUFF",
        "descr": "Stuff"
      },
      {
        "eventType": "UNSTUFF",
        "descr": "UnStuff"
      },
      {
        "eventType": "GATEIN_START",
        "descr": "Gate-In Start"
      },
      {
        "eventType": "GATEIN_END",
        "descr": "Gate-In End"
      },
      {
        "eventType": "GATEOUT_START",
        "descr": "Gate-Out Start"
      },
      {
        "eventType": "GATEOUT_END",
        "descr": "Gate-Out End"
      },
      {
        "eventType": "DELIVERED",
        "descr": "Delivered"
      },
      {
        "eventType": "RETURN",
        "descr": "Return"
      }
    ]
  },
  "processType": {
    "fields": [
      {
        "name": "shippingType",
        "label": "Shipping Type-label",
        "required": false,
        "fields": [
          {
            "name": "stopID",
            "label": "Stop Id-label",
            "required": false
          }
        ]
      },
      {
        "name": "carrierLBNID",
        "label": "Carrier LBNID-label",
        "required": false
      },
      {
        "name": "orderId",
        "label": "Order Id-label",
        "required": false
      },
      {
        "name": "incoterm",
        "label": "Incoterm-label",
        "required": false
      },
      {
        "name": "stop",
        "label": "Stops CN-label",
        "required": false,
        "fields": [
          {
            "name": "stop-stopID",
            "label": "Stop Id CN-label",
            "required": false
          },
          {
            "name": "stop-locationId",
            "label": "Location ID-label",
            "required": false
          }
        ]
      },
      {
        "name": "vpid",
        "label": "VPID-label",
        "required": false
      }
    ]
  },
  "eventType": {
    "fields": [
      {
        "name": "carrierLBNID",
        "label": "Carrier LBNID-label",
        "required": false
      },
      {
        "name": "orderId",
        "label": "Order Id-label",
        "required": false
      },
      {
        "name": "incoterm",
        "label": "Incoterm-label",
        "required": false
      },
      {
        "name": "shippingType",
        "label": "Shipping Type-label",
        "required": false,
        "fields": [
          {
            "name": "stopID",
            "label": "stop id-label",
            "required": false
          }
        ]
      },
      {
        "name": "stop",
        "label": "STOP-label",
        "required": false,
        "fields": [
          {
            "name": "stop-stopID",
            "label": "STOP-ID-label",
            "required": false
          },
          {
            "name": "stop-locationID",
            "label": "LOCATION-ID-label",
            "required": false
          }
        ]
      }
    ]
  }
}
