{
  "destinations": [
    {
      "name": "lbn-gtt-manage-models-api",
      "url": "https://gtt-core-metadata-service-int.cfapps.sap.hana.ondemand.com",
      "forwardAuthToken": true
    },
    {
      "name": "lbn-gtt-core-metadata-service",
      "url": "https://gtt-core-metadata-service-int.cfapps.sap.hana.ondemand.com",
      "forwardAuthToken": true
    },
    {
      "name": "lbn-gtt-core-inbound-service",
      "url": "https://gtt-core-inbound-writeservice-int.cfapps.sap.hana.ondemand.com",
      "forwardAuthToken": true
    },
    {
      "name": "lbn-gtt-core-outbound-service",
      "url": "https://gtt-core-outbound-readservice-int.cfapps.sap.hana.ondemand.com",
      "forwardAuthToken": true
    }
  ]
}
