{
  "welcomeFile": "/test/flpSandbox.html",
  "authenticationMethod": "route",
  "logout": {
    "logoutEndpoint": "/do/logout"
  },
  "routes": [
    {
      "source": "^/api/rest/v1/(.*)$",
      "target": "sap/logistics/gtt/manage-models/v1/$1",
      "destination": "lbn-gtt-manage-models-api"
    },
    {
      "source": "^/api/metadata/v1/(.*)$",
      "target": "sap/logistics/gtt/metadata/v1/$1",
      "destination": "lbn-gtt-core-metadata-service"
    },
    {
      "source": "^/api/inbound/rest/v1/(.*)$",
      "target": "sap/logistics/gtt/inbound/rest/v1/$1",
      "destination": "lbn-gtt-core-inbound-service"
    },
    {
      "source": "^/api/outbound/odata/v1/(.*)$",
      "target": "sap/logistics/gtt/outbound/odata/v1/$1",
      "destination": "lbn-gtt-core-outbound-service"
    },
    {
      "source": "^/(token.json)(.*)$",
      "target": "$1",
      "localDir": "resources"
    },
    {
      "source": "^(.*)$",
      "localDir": "../webapp",
      "cacheControl": "no-cache"
    }
  ]
}
